id,name,location,email
1,"Emmerich, Auer and Marvin",Jamaica,khilhouse0@free.fr
2,Haag-Kemmer,Palestinian Territory,mneame1@hatena.ne.jp
3,Hegmann LLC,Philippines,esmithe2@hostgator.com
4,Zulauf Inc,Philippines,sprestidge3@nymag.com
5,"Spinka, Baumbach and Muller",Portugal,mwellstead4@tamu.edu
6,Abshire Group,Nigeria,dwhittam5@who.int
7,"Morissette, Boehm and Kling",Indonesia,pjosh6@163.com
8,Kilback Inc,Argentina,ncoalburn7@hatena.ne.jp
9,"Monahan, Dooley and Dibbert",Greece,brolls8@tripadvisor.com
10,Mueller-Pagac,China,sblunt9@php.net
11,Gutmann-Bednar,Philippines,pmunktona@reverbnation.com
12,"Reynolds, McKenzie and Stehr",China,syeendb@ebay.co.uk
13,Hand-Graham,China,tayreec@addthis.com
14,"Koch, Stark and Gleichner",Thailand,ddagworthyd@techcrunch.com
15,"Dickens, Langosh and Batz",China,enuddse@amazon.co.jp
16,Watsica-Gottlieb,China,lbarrf@europa.eu
17,Sporer-Johnston,Japan,ccrammyg@canalblog.com
18,Simonis-Renner,Poland,mlockeyh@histats.com
19,Bauch-Nitzsche,Ireland,fyegorovi@webmd.com
20,Herzog LLC,Philippines,oclissoldj@symantec.com
21,"Hoppe, Tremblay and Thompson",China,dhulettk@bizjournals.com
22,Ritchie LLC,Russia,lkellingtonl@craigslist.org
23,Jenkins-Gutkowski,Vietnam,tchaldecottm@amazon.de
24,Leuschke-Kris,Sweden,vobrollachainn@state.tx.us
25,Rempel and Sons,Portugal,bgombyo@netlog.com
26,Gulgowski Group,China,rjoriop@people.com.cn
27,Goldner and Sons,Portugal,hvarneq@dmoz.org
28,Rice-Toy,Bulgaria,lvanyatinr@webnode.com
29,Dare Inc,Palestinian Territory,jplewmans@technorati.com
30,Blick-Auer,Indonesia,kmarcost@walmart.com
