id,name,location,email
1,Wintheiser-Larson,Philippines,abillyard0@tmall.com
2,Cassin-Schaefer,China,bdesousa1@yolasite.com
3,"Schroeder, Conroy and Anderson",Honduras,lantcliff2@pbs.org
4,"Schulist, Walsh and Fadel",Ecuador,tmcphater3@feedburner.com
5,"Smitham, Fahey and Lind",Brazil,scrone4@histats.com
6,"Reichel, Simonis and Ziemann",Indonesia,wblowne5@networkadvertising.org
7,"Hoppe, Pagac and Conroy",Japan,egietz6@dion.ne.jp
8,Hauck and Sons,France,cmorter7@irs.gov
9,"Dickinson, Prosacco and Schaden",Czech Republic,fkuhn8@mayoclinic.com
10,Williamson LLC,Philippines,amattei9@quantcast.com
11,"Farrell, Mann and Dach",Canada,rholliera@zdnet.com
12,Paucek Inc,Colombia,wwalteringb@about.com
13,Roob-Schultz,China,kadiscotc@rediff.com
14,"Brekke, Koss and Collier",Czech Republic,gboyfordd@google.it
15,Becker-Yost,Philippines,krapoe@tiny.cc
16,"Kiehn, Dibbert and Klein",China,wloosleyf@histats.com
17,Schamberger-O'Reilly,Thailand,bspikingsg@google.com
18,Fadel LLC,China,tmoseyh@themeforest.net
19,Schamberger-Durgan,Argentina,eturpiei@linkedin.com
20,"Block, Aufderhar and Kozey",Norway,hputtj@freewebs.com
21,Gibson Inc,Ethiopia,hmcdonandk@simplemachines.org
22,Gaylord-Hoeger,Russia,tschmuhll@huffingtonpost.com
23,Brakus LLC,Portugal,jheitonm@slate.com
24,"Hilpert, Mann and Goldner",Portugal,lsiddaleyn@smugmug.com
25,O'Keefe-Heller,South Korea,gmartinao@boston.com
26,"Keebler, Hackett and Kessler",Peru,smathyp@hugedomains.com
27,"Swift, Lueilwitz and Langosh",Vietnam,hnaptonq@engadget.com
28,"Pollich, Donnelly and Torp",Japan,gklimczakr@wikia.com
29,"Ortiz, Goyette and Dibbert",South Korea,lwhathams@wikispaces.com
30,Hackett-Stehr,Philippines,rgladdist@xinhuanet.com
31,Runolfsdottir Inc,Belarus,bbedowu@latimes.com
32,Gaylord-Krajcik,China,hfredyv@twitter.com
33,"Ward, Weber and Lindgren",France,jbridgewoodw@360.cn
34,Rohan and Sons,Guatemala,dalvarx@ebay.com
35,Waelchi Group,United States,ocooksleyy@prweb.com
36,Trantow-Kling,Albania,lbukacz@google.com.au
37,Little LLC,Philippines,aheijnen10@globo.com
38,Hodkiewicz and Sons,Yemen,dchingedehals11@barnesandnoble.com
39,Denesik Group,Indonesia,vlightman12@mapy.cz
40,Weissnat-Crooks,Ireland,bleggin13@blogspot.com
41,Klein-Howe,France,gdipple14@merriam-webster.com
42,McLaughlin and Sons,China,maiskrigg15@techcrunch.com
43,"Mraz, Kessler and Kohler",Serbia,mhacon16@mit.edu
44,"Witting, Lakin and Welch",Indonesia,mewbanke17@blogspot.com
45,"Kihn, Armstrong and Bechtelar",Denmark,kreader18@mozilla.com
46,Beatty-Kutch,Kazakhstan,mkneel19@tinyurl.com
47,Hahn Inc,Gambia,lwalkley1a@cbslocal.com
48,Padberg-Volkman,Indonesia,eottiwill1b@nasa.gov
49,"Sauer, Wilkinson and Moore",Tanzania,msmitherman1c@cbslocal.com
50,Ratke-McCullough,Mongolia,tclarricoates1d@pbs.org
51,Koss Inc,Argentina,smungin1e@tuttocitta.it
52,Erdman LLC,Philippines,omoulsdall1f@bluehost.com
53,McDermott-Hagenes,Poland,kdillway1g@usnews.com
54,"Batz, Sporer and Effertz",Indonesia,eglenfield1h@xrea.com
55,Huel Inc,China,heyton1i@phpbb.com
56,Medhurst-Jaskolski,Japan,cmachans1j@tumblr.com
57,Schimmel-Kuhic,Nigeria,wbrauner1k@technorati.com
58,Padberg-Fay,Indonesia,duren1l@foxnews.com
59,"Brakus, Hilpert and Labadie",China,cuzelli1m@ucsd.edu
60,Rau Group,Vietnam,bcleaveland1n@infoseek.co.jp
61,Stracke and Sons,Russia,oisbell1o@cisco.com
62,"Dickens, Gleichner and Boehm",Portugal,emary1p@sfgate.com
63,Schuppe-Nitzsche,China,ggilfether1q@prnewswire.com
64,Mann and Sons,Philippines,rscarre1r@exblog.jp
65,Boyle and Sons,Poland,cpepis1s@printfriendly.com
66,Kilback Inc,Peru,bpriddis1t@elegantthemes.com
67,Harber-Leuschke,Brazil,nbusain1u@wiley.com
68,Emard-Hammes,Afghanistan,dcaesar1v@smugmug.com
69,Romaguera-Turcotte,Indonesia,gbradfield1w@umn.edu
70,"Bergnaum, Monahan and Wolf",Israel,dattrey1x@google.com.br
71,Hauck and Sons,Poland,efalconbridge1y@hibu.com
72,Emmerich LLC,China,ibarratt1z@pbs.org
73,"Kemmer, Klocko and Williamson",Yemen,klosel20@newsvine.com
74,Rohan-Beier,Portugal,cteissier21@google.de
75,"Block, Halvorson and Schmitt",Poland,mwise22@1688.com
76,Mueller-Feest,New Zealand,bgiacomi23@ycombinator.com
77,"Welch, Renner and Johns",Argentina,tburroughes24@over-blog.com
78,"Franecki, Schuppe and Romaguera",Russia,jdubarry25@sohu.com
79,"Lockman, Littel and Towne",Indonesia,mcolombier26@so-net.ne.jp
80,"Luettgen, Schultz and Harris",France,mdowtry27@cisco.com
81,"Rosenbaum, Howell and Medhurst",Ukraine,wvile28@cbsnews.com
82,Roberts Inc,Honduras,cborsi29@plala.or.jp
83,"Jacobson, Kuvalis and Swaniawski",Netherlands,aditts2a@bloglovin.com
84,Pfeffer LLC,Estonia,cmoxley2b@bbb.org
85,"Kerluke, Schuster and Walter",Russia,agallardo2c@examiner.com
86,Schamberger-Stroman,New Zealand,dwaugh2d@php.net
87,Block Group,Mongolia,lsquire2e@arstechnica.com
88,"Moen, Kris and Berge",Sudan,kruffle2f@geocities.com
89,Wiegand Group,South Korea,sscarsbrick2g@slideshare.net
90,Metz LLC,China,asaunper2h@epa.gov
91,Grady LLC,China,hdarko2i@bluehost.com
92,Okuneva-Rosenbaum,Indonesia,ppargiter2j@wix.com
93,Bartell-Stanton,China,gwyness2k@archive.org
94,Herman-Bradtke,Indonesia,massinder2l@moonfruit.com
95,"Zemlak, Renner and Gibson",China,mjanus2m@nasa.gov
96,Corkery-Towne,Portugal,mhalle2n@eventbrite.com
97,Wehner-Howe,China,cmedler2o@dedecms.com
98,Cormier-Streich,Brazil,lpalfery2p@quantcast.com
99,"Rutherford, Skiles and Pacocha",China,tjonke2q@over-blog.com
100,Lueilwitz and Sons,Russia,dlegg2r@alibaba.com
101,"Quigley, Lowe and Hansen",Pakistan,astonman2s@yandex.ru
102,Bahringer-Hilll,Czech Republic,dlampl2t@liveinternet.ru
103,Dooley-VonRueden,Finland,bbanford2u@themeforest.net
104,Lueilwitz-Bins,Finland,dbolino2v@i2i.jp
105,Welch-Roberts,United Kingdom,awinscum2w@qq.com
106,"Morar, Kilback and Huels",China,ahalwood2x@pbs.org
107,Schowalter Group,Canada,starbet2y@plala.or.jp
108,Lebsack-Tremblay,Brazil,agriffithe2z@multiply.com
109,Dietrich Inc,Tanzania,cwhilde30@ehow.com
110,Tromp-Reynolds,Czech Republic,eallebone31@ning.com
111,Anderson-Yost,United States,edregan32@diigo.com
112,"Kertzmann, Doyle and Murazik",Syria,dweldrick33@eventbrite.com
113,Feeney LLC,China,abedburrow34@shutterfly.com
114,Shanahan-Robel,Indonesia,daliberti35@un.org
115,Trantow-Veum,Indonesia,eskep36@usgs.gov
116,Weimann-Runte,Ivory Coast,mbeardow37@nature.com
117,"Mayert, Lynch and Stracke",Finland,rentwistle38@opensource.org
118,Quitzon LLC,United States,pwraggs39@reuters.com
119,"Monahan, Boyer and Wolf",Paraguay,ssimeoni3a@google.nl
120,"Waters, Schuppe and Emmerich",Poland,bheadington3b@behance.net
121,Rippin-Yundt,United States,idutson3c@theglobeandmail.com
122,"Paucek, Mertz and Streich",Indonesia,oheathcoat3d@tinypic.com
123,Fay-Runte,Czech Republic,prockwill3e@hc360.com
124,"Cronin, Greenfelder and Weber",Philippines,tlaughrey3f@fda.gov
125,Reichel Inc,Israel,anewcom3g@wordpress.org
126,"Lindgren, Ankunding and Huels",China,eantcliff3h@biglobe.ne.jp
127,Wilkinson-Ankunding,United Kingdom,ganstis3i@youtube.com
128,"Dibbert, Cassin and Emmerich",Russia,bmcphater3j@behance.net
129,Mante-Jacobs,Philippines,ktulk3k@forbes.com
130,"Runte, Runolfsson and Lynch",Canada,jdudden3l@adobe.com
131,Pagac Group,France,rpickworth3m@businessweek.com
132,Corwin Inc,Mongolia,rcauston3n@vimeo.com
133,Hegmann LLC,Philippines,kdrewe3o@miibeian.gov.cn
134,Haag Inc,South Africa,ccarbry3p@ft.com
135,"Kovacek, Cole and Nicolas",China,rnannetti3q@xrea.com
136,Kreiger-Lockman,Armenia,tepton3r@bloglovin.com
137,Miller Group,Brazil,khaistwell3s@bing.com
138,Swift-Feeney,Sweden,sboschmann3t@t-online.de
139,Stoltenberg Group,Spain,bgatward3u@thetimes.co.uk
140,Zieme LLC,Mexico,mmorando3v@mlb.com
141,Hodkiewicz LLC,United States,pgilbody3w@squarespace.com
142,O'Connell-Kertzmann,France,rtalboy3x@feedburner.com
143,"Kautzer, Romaguera and Stamm",Japan,gstonuary3y@geocities.jp
144,"Christiansen, Ortiz and Tromp",Argentina,kcadman3z@illinois.edu
145,Ward-Feil,Ukraine,lbenns40@thetimes.co.uk
146,Bruen Group,Vietnam,rmckeighen41@netlog.com
147,"Watsica, Breitenberg and Gibson",Belarus,zcastleton42@mtv.com
148,Vandervort and Sons,Uruguay,mpenney43@blogger.com
149,Upton and Sons,Slovenia,gconelly44@ning.com
150,"Farrell, Kertzmann and Fadel",Philippines,bockwell45@networksolutions.com
151,Murazik Group,China,acayette46@tinyurl.com
152,Collins-Kunze,Indonesia,jrylance47@cnet.com
153,Thompson-Thiel,Indonesia,lquantrell48@youtu.be
154,"Bruen, Greenholt and Lowe",Mongolia,baxelby49@mac.com
155,Bauch and Sons,Russia,dcoverdill4a@google.nl
156,Marks and Sons,Poland,fpringer4b@example.com
157,McKenzie-Johnston,Russia,ldofty4c@xrea.com
158,"Langworth, Renner and Davis",Poland,ncrebott4d@flickr.com
159,"Rosenbaum, Hilll and Schinner",Portugal,bboorn4e@redcross.org
160,"Tromp, Hirthe and Haag",Portugal,vfooks4f@smh.com.au
161,Lockman-Mayert,Bulgaria,amaccomiskey4g@t-online.de
162,West-Lueilwitz,Indonesia,kmollen4h@yahoo.co.jp
163,O'Hara LLC,Guatemala,adavidavidovics4i@merriam-webster.com
164,Nicolas and Sons,Afghanistan,ihassall4j@csmonitor.com
165,Hansen LLC,Portugal,bfrigot4k@bbc.co.uk
166,Rohan and Sons,Moldova,njerrom4l@bizjournals.com
167,Stroman and Sons,Colombia,jcarbry4m@usda.gov
168,"Walsh, Mante and Corwin",Indonesia,mvoelker4n@digg.com
169,Ratke Inc,Philippines,sgodbald4o@pen.io
170,"Lockman, Swaniawski and Lemke",Poland,eratke4p@gizmodo.com
171,"Kautzer, Reynolds and Gutkowski",China,msenten4q@jalbum.net
172,"Powlowski, Padberg and Kihn",Russia,zfalco4r@last.fm
173,Gusikowski and Sons,China,twringe4s@xinhuanet.com
174,Murray Inc,Russia,kamoore4t@dropbox.com
175,"Schultz, Koelpin and Kunze",Sweden,nrosling4u@comsenz.com
176,"Roob, Kessler and Jast",Bulgaria,wgian4v@nytimes.com
177,"Powlowski, Wuckert and Vandervort",Russia,erenol4w@list-manage.com
178,"Davis, Torp and Rohan",Brazil,sharrowsmith4x@zimbio.com
179,Kunze-Gulgowski,Benin,xkinchington4y@sbwire.com
180,"Huel, Kilback and Fritsch",China,ccavendish4z@paginegialle.it
181,"Weber, Hoeger and Skiles",Ukraine,astukings50@posterous.com
182,Hammes LLC,China,mchrister51@wiley.com
183,"Hand, Anderson and Schmitt",Botswana,lmeredith52@lycos.com
184,Kerluke-Price,Indonesia,ksholem53@samsung.com
185,"Christiansen, Hudson and Fahey",Japan,afaudrie54@tinypic.com
186,"Hills, Sawayn and Koch",United States,kwhitfeld55@is.gd
187,Franecki Inc,Greece,aholde56@sitemeter.com
188,Sauer Inc,Indonesia,cfinlayson57@dailymail.co.uk
189,Hamill Group,China,wchappel58@shop-pro.jp
190,Schinner and Sons,Vietnam,fbarbary59@sourceforge.net
191,"Hickle, Schaefer and Hills",Russia,efredi5a@google.it
192,Yundt-Daugherty,Bulgaria,vbohl5b@mlb.com
193,Goldner-McLaughlin,Indonesia,smccotter5c@comsenz.com
194,Beatty-Lesch,China,dpleasants5d@dmoz.org
195,"Monahan, Herman and Kris",Indonesia,mcraythorn5e@biglobe.ne.jp
196,"Mante, Bayer and Wyman",Indonesia,cgladeche5f@marketwatch.com
197,Monahan LLC,Indonesia,mosheils5g@nyu.edu
198,Wyman Inc,Indonesia,sinder5h@constantcontact.com
199,Waters-Leannon,Paraguay,gfirle5i@uol.com.br
200,Jast Inc,China,ghalliwell5j@theguardian.com
201,"Legros, Lubowitz and Marvin",China,kbanasik5k@macromedia.com
202,Farrell-King,Nigeria,acannings5l@alibaba.com
203,Gulgowski-Carroll,Japan,bmacilurick5m@aol.com
204,"Borer, McGlynn and Tremblay",Philippines,msictornes5n@slideshare.net
205,"Schinner, Collins and Hayes",Sri Lanka,ghardiman5o@chronoengine.com
206,"D'Amore, Smith and Kihn",Morocco,bhecks5p@wix.com
207,"Wiegand, O'Conner and Dicki",Thailand,rmacveigh5q@livejournal.com
208,"Hyatt, Robel and Willms",Ukraine,mlecount5r@bbb.org
209,Walker-Wisozk,Indonesia,roxe5s@miitbeian.gov.cn
210,"Schultz, Turner and Eichmann",Portugal,nhughman5t@booking.com
211,Batz LLC,Brazil,acatherall5u@t.co
212,Bartoletti-Crona,Philippines,alindmark5v@shop-pro.jp
213,"Johnston, Swift and Bartoletti",Russia,ghobson5w@a8.net
214,"Schmitt, Kozey and Wisozk",Colombia,rgoodswen5x@psu.edu
215,"Swaniawski, Beahan and Daugherty",Russia,rhargey5y@dion.ne.jp
216,Dickens-Stokes,Indonesia,flinn5z@sohu.com
217,Hane Group,Armenia,tguinane60@ehow.com
218,Waters and Sons,China,afaherty61@ameblo.jp
219,Doyle and Sons,Russia,kburbank62@nba.com
220,"Conroy, Terry and Batz",Thailand,sgorman63@jigsy.com
221,Schneider Inc,France,bcrossland64@marriott.com
222,Lakin-Quitzon,Poland,vtewes65@cnn.com
223,Osinski Inc,Armenia,toxby66@ycombinator.com
224,Yundt-Hirthe,Indonesia,efergyson67@ed.gov
225,Rau-Hammes,Brazil,djaffra68@wikimedia.org
226,Muller-Beahan,Tajikistan,mbreton69@smugmug.com
227,Fisher LLC,Russia,owallworth6a@bbc.co.uk
228,Schroeder-Schuppe,Ukraine,sfearick6b@apple.com
229,"Hessel, Ryan and Schaden",Thailand,tdemanuele6c@geocities.jp
230,Daugherty-Gerhold,Poland,dbaldick6d@cafepress.com
231,Collins Group,Indonesia,zrudham6e@tiny.cc
232,"Hilpert, Murphy and Kessler",Sweden,shuelin6f@businessweek.com
233,"Kshlerin, Thompson and Dibbert",Peru,rchatterton6g@newyorker.com
234,Weber Group,Russia,bwylie6h@comsenz.com
235,Jast and Sons,China,ebawme6i@latimes.com
236,Harber-Tromp,Indonesia,dmcgrae6j@ucsd.edu
237,"Reichel, Gutmann and Okuneva",Nicaragua,cmeldon6k@bloglines.com
238,Runte Group,China,jgoodoune6l@bloomberg.com
239,"Corkery, Champlin and Bechtelar",Brazil,sdrohane6m@chron.com
240,Ruecker-Treutel,China,mmainson6n@toplist.cz
241,Thompson-Windler,Democratic Republic of the Congo,mrizzardo6o@skype.com
242,"Vandervort, Leuschke and Bayer",Somalia,dbaggiani6p@yolasite.com
243,Sporer-Bartell,Canada,nnance6q@unc.edu
244,"Swift, Bashirian and Mohr",South Africa,alafranconi6r@xinhuanet.com
245,Baumbach Group,China,gmarcome6s@narod.ru
246,Kessler LLC,China,ckneller6t@huffingtonpost.com
247,"Littel, Brakus and Becker",Sweden,ledgars6u@google.fr
248,Jenkins Inc,Greece,rbemment6v@tuttocitta.it
249,Ward-Zboncak,Indonesia,wcavell6w@jimdo.com
250,Price-Davis,Indonesia,cmcjarrow6x@spotify.com
251,"Gleason, Kunze and Stoltenberg",China,rswiffen6y@ovh.net
252,Emmerich Group,China,sforri6z@oracle.com
253,Dickinson-Hodkiewicz,China,mdoig70@ezinearticles.com
254,Lehner-Brakus,Latvia,jjeppensen71@e-recht24.de
255,Bogan-Schuster,Russia,gproud72@cargocollective.com
256,Gutmann-Brekke,Czech Republic,jhawken73@t.co
257,Dare-Ondricka,Zambia,tborn74@discuz.net
258,Crooks-Goldner,Palau,kcoen75@hostgator.com
259,Kovacek-Eichmann,Norway,ablencoe76@1und1.de
260,Parisian LLC,South Africa,fdelorenzo77@apache.org
261,Kessler-Balistreri,Indonesia,smioni78@jalbum.net
262,Dickens Inc,United States,ahaxell79@pinterest.com
263,"Towne, Leannon and Satterfield",China,bdockrell7a@businessweek.com
264,Weissnat LLC,Indonesia,gruslen7b@aol.com
265,"Nienow, Kuhlman and Reynolds",Russia,bduffett7c@earthlink.net
266,Daugherty LLC,Moldova,eonoulane7d@cornell.edu
267,Spinka-Schuppe,China,swackett7e@vistaprint.com
268,Greenfelder-Schulist,Portugal,mcluet7f@skyrock.com
269,Hoppe and Sons,Sweden,cjay7g@dell.com
270,Turcotte-Windler,Guatemala,tiveans7h@naver.com
271,Prosacco LLC,Russia,bmansel7i@nydailynews.com
272,Weissnat LLC,China,ncoupe7j@booking.com
273,Collins-Hand,Malaysia,santhoin7k@gnu.org
274,Wintheiser LLC,Indonesia,twollen7l@t.co
275,Auer-Koepp,Portugal,wkearney7m@netlog.com
276,Bauch and Sons,China,vgive7n@businessweek.com
277,Weber and Sons,Afghanistan,iokenny7o@ehow.com
278,Brekke Inc,Poland,kjewer7p@hubpages.com
279,Brown Group,Portugal,aswigg7q@imgur.com
280,"Harber, Greenfelder and McClure",Poland,mtwining7r@a8.net
281,"Corkery, Cronin and Kuhn",United Kingdom,mfuentes7s@usnews.com
282,"Adams, Hegmann and Sanford",Croatia,asellor7t@imdb.com
283,"Harvey, Corwin and Thiel",Russia,thallut7u@multiply.com
284,Rath LLC,France,gbysh7v@irs.gov
285,Steuber-Gutmann,Colombia,yferrettini7w@bigcartel.com
286,"West, Rohan and O'Kon",China,mschwand7x@webmd.com
287,Rowe LLC,Bangladesh,ahaddick7y@bizjournals.com
288,"Renner, Cronin and Williamson",Indonesia,gwotton7z@latimes.com
289,Ernser-Orn,Poland,vkuhnke80@mac.com
290,"Kessler, Brakus and Douglas",Indonesia,jcana81@blogger.com
291,Hagenes Inc,China,jretter82@accuweather.com
292,"O'Connell, D'Amore and Bins",Russia,jsturdy83@skype.com
293,Corwin-Spinka,Poland,mcromack84@indiegogo.com
294,"Zboncak, Collins and Jaskolski",Russia,osabbin85@dyndns.org
295,"Daugherty, Jenkins and Klein",Indonesia,bayscough86@answers.com
296,Monahan LLC,Brazil,whaskur87@patch.com
297,Romaguera-Homenick,Colombia,rgreger88@foxnews.com
298,"Hettinger, Satterfield and Weber",China,aeales89@vistaprint.com
299,Stoltenberg and Sons,Philippines,vsylvaine8a@cyberchimps.com
300,Shields LLC,United States,mwilcinskis8b@dailymail.co.uk
301,"Keeling, Pfannerstill and Heidenreich",United States,dcarlin8c@cornell.edu
302,Schulist and Sons,Ukraine,ddonise8d@symantec.com
303,Predovic Inc,China,msearl8e@paypal.com
304,Koelpin Group,Northern Mariana Islands,lmargerrison8f@sciencedirect.com
305,Rosenbaum and Sons,China,ddukesbury8g@earthlink.net
306,Kautzer-Lemke,Cambodia,amathelin8h@arstechnica.com
307,"Murazik, Runolfsson and White",Russia,ckearley8i@vinaora.com
308,Ondricka-Lemke,China,cnorree8j@independent.co.uk
309,"Schoen, Medhurst and Hintz",Portugal,rocorrigane8k@amazon.co.uk
310,"Rau, Ortiz and Champlin",Philippines,tdeguise8l@ebay.com
311,"Schmitt, Wolf and Von",Palau,ekeener8m@google.ru
312,"Jacobs, Altenwerth and Christiansen",Indonesia,otollerfield8n@histats.com
313,Jones LLC,Brazil,keastop8o@usgs.gov
314,Swift-Muller,Taiwan,adecleen8p@blogspot.com
315,"Ziemann, Dietrich and Prosacco",Indonesia,ssimeon8q@dailymotion.com
316,Hoeger-Krajcik,China,cshellshear8r@omniture.com
317,"Smitham, Toy and Bartoletti",China,mgier8s@nature.com
318,Kunde Inc,Yemen,kilett8t@gnu.org
319,Weimann-Frami,China,misakowicz8u@unblog.fr
320,Glover LLC,Argentina,akuhne8v@tmall.com
321,Bauch-Willms,Czech Republic,mspilisy8w@photobucket.com
322,Schaefer-Buckridge,Colombia,edavenhill8x@buzzfeed.com
323,"Cronin, Boyle and Runolfsdottir",Japan,whuller8y@twitter.com
324,Smitham and Sons,Serbia,pschutte8z@accuweather.com
325,Ryan LLC,Mayotte,hstronach90@vk.com
326,Osinski-Cartwright,Thailand,usabben91@eepurl.com
327,"Langosh, Collins and Kozey",Argentina,ppostins92@ibm.com
328,Hodkiewicz-Prosacco,China,adunbleton93@chron.com
329,Hyatt-Stark,Uganda,gdukes94@theglobeandmail.com
330,Heaney LLC,China,dabrahamowitcz95@hud.gov
331,"Jenkins, Toy and Heidenreich",Indonesia,mingles96@phpbb.com
332,Kris-Schulist,China,rgolightly97@skyrock.com
333,"Greenfelder, Schneider and Bins",Iran,yupshall98@about.me
334,O'Hara-Schaefer,North Korea,tcalderon99@artisteer.com
335,Fahey-Dare,Ukraine,crobillart9a@ezinearticles.com
336,Murray Inc,Portugal,aschimaschke9b@state.gov
337,Torphy Inc,Sweden,wdaniele9c@springer.com
338,"Johnston, Boyle and Williamson",Pakistan,drooms9d@w3.org
339,Pollich LLC,Slovenia,nmoehler9e@google.fr
340,Herzog Inc,Brazil,dsimmonett9f@samsung.com
341,Schulist Group,Portugal,cgrant9g@indiegogo.com
342,Waelchi-Schultz,South Korea,bburkill9h@amazon.co.uk
343,Sipes Group,Malta,jbatha9i@youtu.be
344,Morissette Group,Thailand,cknowles9j@blogtalkradio.com
345,Schoen-Bode,Mongolia,oingerfield9k@360.cn
346,DuBuque Group,France,gstanyer9l@csmonitor.com
347,"Beier, Harris and Wunsch",Poland,fcuruclis9m@amazonaws.com
348,"Ondricka, Parisian and Sawayn",Indonesia,nspirit9n@hostgator.com
349,"Glover, Brekke and Hammes",Poland,srosenbush9o@hhs.gov
350,McDermott and Sons,Russia,lcaress9p@fastcompany.com
351,Miller-O'Keefe,Kazakhstan,nkertess9q@latimes.com
352,Nolan-Denesik,Sweden,rmacanulty9r@ning.com
353,Mills and Sons,China,dcomusso9s@csmonitor.com
354,Brown Group,Brazil,tloram9t@hud.gov
355,Jaskolski-Bosco,China,kstledger9u@google.nl
356,Boyle-Reichel,Macedonia,amajor9v@pinterest.com
357,"Feeney, Medhurst and Padberg",Poland,gaime9w@senate.gov
358,Bednar LLC,Brazil,bpentony9x@uiuc.edu
359,"Rempel, Hartmann and McGlynn",China,nrichmond9y@ovh.net
360,Lakin LLC,Nigeria,nvonwelden9z@hud.gov
361,Kris Group,United States,mandovera0@homestead.com
362,"Kuhn, Douglas and Hyatt",Portugal,sfaggea1@google.ca
363,"Upton, Crist and Mann",China,gglasmana2@imgur.com
364,Hessel-Funk,Malaysia,tkellya3@gizmodo.com
365,Beier-Gibson,Macedonia,ddurdlea4@statcounter.com
366,"Gorczany, Gusikowski and Hessel",China,ktwinbrowa5@php.net
367,Rosenbaum Inc,Iran,bsparlinga6@hc360.com
368,Brekke-Hackett,France,cmadderna7@soundcloud.com
369,Gerlach LLC,Brazil,ideportea8@netscape.com
370,Moore-Harvey,Russia,hcornfortha9@unblog.fr
371,Hodkiewicz-Pagac,Philippines,mitzkovskyaa@flickr.com
372,Jacobi-Brown,China,smalleboneab@wikia.com
373,"Lesch, Kerluke and Runolfsson",Indonesia,narentsac@guardian.co.uk
374,"Bradtke, Treutel and Goodwin",Russia,dgillionsad@list-manage.com
375,Schamberger-Watsica,Afghanistan,sgapperae@state.gov
376,Wilderman-Cole,Armenia,nfarncombeaf@huffingtonpost.com
377,Corwin and Sons,Philippines,dprewettag@eepurl.com
378,"Hammes, Schiller and Jakubowski",Indonesia,ckinnockah@over-blog.com
379,Glover-West,Portugal,maneleyai@army.mil
380,Waelchi-Hauck,China,atoveyaj@e-recht24.de
381,Lueilwitz and Sons,China,mmolyneuxak@nasa.gov
382,Walker-Osinski,Nigeria,bboulderal@123-reg.co.uk
383,"Mante, Ondricka and Schowalter",Indonesia,jferneam@prnewswire.com
384,McClure-Wyman,Argentina,leathertonan@disqus.com
385,"Reynolds, Lueilwitz and Windler",Georgia,swiddisonao@netlog.com
386,"Larkin, Mann and Cartwright",Brazil,jknathap@myspace.com
387,Von-Fadel,Brazil,jdrustaq@nih.gov
388,Gottlieb-Hirthe,Russia,cdarbenar@state.gov
389,Effertz Inc,United Kingdom,sbraddickas@youtube.com
390,Lakin LLC,Canada,rhovertat@geocities.jp
391,Weber Group,China,omesserau@hexun.com
392,"Senger, Powlowski and Fadel",Guadeloupe,bcoetzeeav@cnbc.com
393,"Durgan, Heidenreich and Hills",China,bludwikiewiczaw@webs.com
394,"Morar, Schinner and Collins",Brazil,alawdayax@myspace.com
395,Keebler-Fay,Canada,fmackellaray@cocolog-nifty.com
396,Mante Group,France,mmethringhamaz@weather.com
397,"Hills, Kilback and Ernser",Poland,kyounghusbandb0@photobucket.com
398,"Hauck, Stanton and Will",China,rginglellb1@cbslocal.com
399,Pacocha-Ziemann,Serbia,gtemplmanb2@networkadvertising.org
400,Legros LLC,Serbia,bbrasnerb3@google.es
401,Stehr Group,China,slehenmannb4@psu.edu
402,"Erdman, Barrows and Russel",Germany,hklaassensb5@networksolutions.com
403,"Kirlin, Fisher and Luettgen",Poland,tfladeb6@china.com.cn
404,Koelpin Inc,Finland,zmcauliffeb7@reuters.com
405,Gutmann LLC,Indonesia,mheadonb8@edublogs.org
406,"Pfannerstill, Dietrich and Blanda",Republic of the Congo,mansteyb9@1688.com
407,"Koepp, Dibbert and Anderson",Indonesia,mcollingsba@adobe.com
408,"Schamberger, Stehr and Upton",Sweden,swillstropbb@pinterest.com
409,Pacocha and Sons,France,amullissbc@gizmodo.com
410,"Hammes, Friesen and Mayer",China,glowdenbd@about.com
411,"Donnelly, Weissnat and Wuckert",Russia,qolivellibe@google.ru
412,Von-Ryan,United States,ggoolybf@theglobeandmail.com
413,Medhurst-Marks,Bangladesh,gguerrybg@slideshare.net
414,Wuckert-Becker,South Korea,adumingobh@cam.ac.uk
415,Barrows and Sons,China,stheobaldsbi@time.com
416,Moen Group,Portugal,dfarnworthbj@google.cn
417,Dietrich Group,Indonesia,acharitybk@deviantart.com
418,Lehner-Wolff,Burkina Faso,cgilfordbl@npr.org
419,Herman LLC,Argentina,mdeveybm@ehow.com
420,"Kilback, Green and Schneider",Czech Republic,sjonesbn@sciencedaily.com
421,Miller-Walter,Tunisia,wbilovskybo@posterous.com
422,"Pfeffer, Stroman and Wunsch",Poland,ofairhurstbp@zdnet.com
423,Baumbach-Jacobson,North Korea,lpatchettbq@howstuffworks.com
424,Stracke Group,China,fmcjurybr@wufoo.com
425,"Watsica, Graham and Gutkowski",China,pfryattbs@skyrock.com
426,Rodriguez and Sons,New Zealand,jbanburybt@google.nl
427,Schmidt and Sons,Russia,jmerklebu@gizmodo.com
428,Mosciski-Anderson,Philippines,pmashalbv@skyrock.com
429,Collins and Sons,Greece,ctremblebw@simplemachines.org
430,"Douglas, Lebsack and Zieme",Czech Republic,umccarlybx@irs.gov
431,Schmeler-Schmitt,China,hgeorgby@constantcontact.com
432,Ziemann Inc,Argentina,mcolenuttbz@walmart.com
433,Beatty-Gerhold,Russia,mhousamanc0@slideshare.net
434,Upton-Simonis,China,kmckendoc1@a8.net
435,Legros Group,Thailand,hsallc2@cyberchimps.com
436,Renner-Tillman,Indonesia,ckratesc3@globo.com
437,"Lang, Dickens and Vandervort",Portugal,wrhymerc4@icq.com
438,Crist and Sons,Albania,vsmalemanc5@cpanel.net
439,"Zboncak, McClure and Farrell",Japan,tchapleoc6@vistaprint.com
440,Konopelski-Ward,Philippines,rprinettc7@tiny.cc
441,Hettinger Inc,Mauritius,bdunawayc8@posterous.com
442,Sauer and Sons,Poland,coxtabyc9@disqus.com
443,Stehr and Sons,Macedonia,rcreavinca@xinhuanet.com
444,"Williamson, Runolfsson and Reichert",Honduras,xlatehousecb@ning.com
445,"Gutkowski, Powlowski and Halvorson",France,erosenblattcc@ed.gov
446,Weimann Group,Japan,rkylescd@howstuffworks.com
447,"Kirlin, Cremin and Abbott",Indonesia,jungerechtce@barnesandnoble.com
448,"Murphy, Prosacco and Morar",Indonesia,rraratycf@yelp.com
449,Frami-Harvey,Ukraine,rlawlesscg@hugedomains.com
450,Carter-Runte,Indonesia,pbozwardch@redcross.org
451,Little-Padberg,Philippines,wgimblettci@yolasite.com
452,"Shanahan, Cole and Jacobi",Russia,evodencj@hibu.com
453,Jones Group,Greece,wudeyck@tamu.edu
454,"Rath, Greenholt and Bogan",China,vinworthcl@lulu.com
455,Leffler-Swaniawski,Brazil,fbilovuscm@yahoo.co.jp
456,Armstrong-Haag,Ukraine,hrichtencn@i2i.jp
457,Berge-Swift,Canada,hrikkardco@flavors.me
458,Pagac Inc,Indonesia,sneelycp@hubpages.com
459,Gottlieb-Rempel,China,atomasekcq@hc360.com
460,Reichert and Sons,Brazil,aferriecr@google.com.hk
461,Lind and Sons,Libya,ekellewaycs@apple.com
462,O'Conner-Satterfield,China,lsteeplesct@gov.uk
463,Gerhold-Nitzsche,Netherlands,kwhittockcu@twitter.com
464,"Walker, Streich and Schimmel",Sudan,jscrannycv@blogspot.com
465,"Beer, Heidenreich and Batz",Uruguay,meggertoncw@live.com
466,Stroman-Prohaska,Czech Republic,glamonbycx@boston.com
467,Kling LLC,China,aadriennecy@vinaora.com
468,"Hansen, Dickens and Towne",Portugal,dharnorcz@forbes.com
469,Steuber-Wintheiser,Egypt,ghufferd0@msu.edu
470,Abernathy Group,Poland,ldoxeyd1@e-recht24.de
471,"Effertz, Bosco and Mitchell",China,shagleyd2@domainmarket.com
472,"Gibson, Homenick and Brown",Portugal,tsicelyd3@mlb.com
473,Rempel-Becker,Colombia,gpetticrowd4@buzzfeed.com
474,Abernathy-Boyle,Canada,ddorbind5@xrea.com
475,Bayer-Spencer,Brazil,cschutted6@bbb.org
476,O'Conner-Bailey,China,kgombyd7@imdb.com
477,Padberg Group,Ukraine,vcusackd8@shop-pro.jp
478,"Upton, Rowe and Schmitt",China,jlaphamd9@eepurl.com
479,Hartmann-Blanda,China,cecclestoneda@canalblog.com
480,Spencer Group,United States,oambroschdb@naver.com
481,Welch-Boyer,Russia,wdaddadc@merriam-webster.com
482,Auer-Carter,Indonesia,cmacgauhydd@ifeng.com
483,Hodkiewicz-Upton,China,squinceyde@simplemachines.org
484,Cartwright LLC,Tajikistan,dcrosgrovedf@cbsnews.com
485,Farrell Group,Brazil,fedsalldg@technorati.com
486,Funk LLC,Egypt,wcasierdh@about.com
487,"Bins, Kshlerin and Gleichner",China,btetleydi@intel.com
488,"Dooley, Weissnat and Schaden",Indonesia,cwollanddj@reverbnation.com
489,Legros Group,Slovenia,fancelldk@mlb.com
490,Gibson Inc,Indonesia,tsellickdl@zimbio.com
491,Torphy Group,Russia,hmonarddm@businessinsider.com
492,"Gerlach, Wisoky and Wunsch",China,esnufflebottomdn@clickbank.net
493,"Torphy, Murray and Bogan",Brazil,dmillikendo@wordpress.com
494,Schimmel-Torp,Brazil,aspriddledp@google.cn
495,Bartoletti Group,Indonesia,cdomeldq@dmoz.org
496,"Haag, Feil and Powlowski",Sweden,lmckinndr@deliciousdays.com
497,Bailey Inc,China,hcroyserds@elegantthemes.com
498,Quigley Group,Philippines,mpeircedt@eventbrite.com
499,Kessler-Ernser,Brazil,ytolemandu@yandex.ru
500,Haley Inc,Nigeria,jleverettedv@bbb.org
501,Hyatt Inc,Philippines,avipandw@ask.com
502,Ankunding and Sons,Portugal,gbiltondx@hao123.com
503,Little-Effertz,Philippines,saronsteindy@virginia.edu
504,Kuhn-Bechtelar,Azerbaijan,sfreschinidz@usda.gov
505,"Terry, Wolf and Hilpert",Thailand,swahnckee0@deliciousdays.com
506,"Harvey, Kris and Raynor",Morocco,rskallse1@sciencedaily.com
507,Moore-Feeney,Brazil,fmeiklejohne2@slate.com
508,Schinner-Runte,Sweden,wwhifene3@usnews.com
509,Effertz-Reinger,Mauritius,kmatuszyke4@joomla.org
510,Streich-Shanahan,China,sdike5@cbsnews.com
511,"O'Kon, Kovacek and Purdy",Egypt,tcorbiee6@xinhuanet.com
512,Koelpin LLC,Indonesia,hsimmene7@php.net
513,"Kreiger, Stokes and Hahn",China,jludle8@de.vu
514,Tromp Group,Czech Republic,clauxmanne9@omniture.com
515,"Dare, Bechtelar and Smitham",Russia,bpeggea@i2i.jp
516,Bins-Roberts,Thailand,kvanarsdaleneb@harvard.edu
517,Pouros-Nitzsche,Russia,alebelec@theatlantic.com
518,Prosacco LLC,Venezuela,adickieed@lycos.com
519,"Turner, Ankunding and Roberts",China,agreyesee@posterous.com
520,Reichert-Mayert,Indonesia,afortounef@telegraph.co.uk
521,Weissnat-Wolff,El Salvador,spatulloeg@addtoany.com
522,"Turcotte, Bruen and Corkery",China,vseagroveeh@jigsy.com
523,Bogisich Group,China,mobertei@angelfire.com
524,"Schinner, Cartwright and Mraz",Indonesia,avassanoej@163.com
525,Swift-Schroeder,Thailand,rlawlieek@adobe.com
526,Cormier-Davis,Philippines,hfentonel@naver.com
527,Harris Inc,Colombia,cpriceem@aboutads.info
528,Rippin-Feeney,Vietnam,crokeen@forbes.com
529,Tremblay Group,Russia,ytakkoseo@cafepress.com
530,Bednar-Williamson,Russia,tpoulettep@newyorker.com
531,Welch-Stark,Uzbekistan,msavaryeq@ameblo.jp
532,"Bradtke, Stanton and Stoltenberg",Mauritius,vblocker@bandcamp.com
533,"Zieme, Ondricka and O'Keefe",China,bkitleyes@bbb.org
534,"Nienow, Dietrich and Wyman",Peru,qounsworthet@sourceforge.net
535,Bauch LLC,Tanzania,ewillimoteu@sohu.com
536,Morissette-Armstrong,China,jgianilliev@stumbleupon.com
537,Trantow-Howe,China,tmeiklemew@reverbnation.com
538,"Graham, Brekke and Thompson",Somalia,rszymanowskiex@nasa.gov
539,"Klocko, Abbott and Lakin",Russia,lsoggey@ebay.com
540,Carter-Morissette,China,treginaez@sun.com
541,"Rutherford, Smith and Schoen",Brazil,alundief0@ustream.tv
542,Wunsch Inc,Indonesia,lnevetf1@techcrunch.com
543,Herzog LLC,Cuba,jhedgesf2@chicagotribune.com
544,"Auer, Pfeffer and Macejkovic",Azerbaijan,bbletsof3@amazon.co.uk
545,Sporer-Hamill,Portugal,hdykinsf4@chicagotribune.com
546,Breitenberg LLC,Philippines,alowdef5@behance.net
547,Bogan and Sons,Indonesia,gmcconnellf6@over-blog.com
548,Bergnaum Group,China,ybastinf7@mozilla.com
549,"Larson, Haley and Lemke",Brazil,emartynkaf8@google.com.au
550,Carroll and Sons,Brazil,atracef9@ifeng.com
551,Brakus-Lang,Mongolia,dwyclifffa@nasa.gov
552,"Marvin, Lehner and Lindgren",Democratic Republic of the Congo,jcapponeerfb@forbes.com
553,"Sauer, Wiza and Nolan",Indonesia,jwildingfc@51.la
554,"Oberbrunner, Leffler and Parker",Japan,wgifffd@latimes.com
555,McLaughlin-Jones,China,yfinessyfe@sbwire.com
556,Mills Inc,Iran,pfeaviourff@macromedia.com
557,Kemmer Group,Indonesia,sambrogiolifg@barnesandnoble.com
558,"Gusikowski, Watsica and Halvorson",Philippines,aallawyfh@nytimes.com
559,Franecki Group,Indonesia,kgrassfi@usnews.com
560,Pfeffer-Braun,Serbia,kchallenfj@cocolog-nifty.com
561,"Stokes, Legros and Bogan",Bolivia,dmarcinkowskifk@mac.com
562,Ankunding-Bins,China,tsabenfl@acquirethisname.com
563,Hessel Inc,Portugal,jgratrixfm@multiply.com
564,"Bernhard, Torp and Braun",Mayotte,mtortoisefn@de.vu
565,McClure Group,Philippines,hzannettifo@bing.com
566,Barrows-Hand,Syria,lswafieldfp@pen.io
567,Kris-Frami,Albania,ckierfq@hud.gov
568,"Braun, Littel and Stehr",Cuba,lmahaddyfr@g.co
569,Labadie-Rutherford,Indonesia,rmicklemfs@accuweather.com
570,Halvorson-Macejkovic,Brazil,lvandendaelft@dion.ne.jp
571,"Walsh, Bartell and Sipes",Syria,jjoddensfu@mlb.com
572,Koelpin-Baumbach,Nigeria,acurnokfv@ebay.co.uk
573,Mohr-Gerhold,Grenada,dbabberfw@samsung.com
574,Dickens LLC,France,psalleryfx@discuz.net
575,"Hettinger, Hamill and Goodwin",Venezuela,nkidstonefy@simplemachines.org
576,Stamm-Green,Zimbabwe,ocorderofz@state.tx.us
577,Spencer-Goodwin,Canada,phelixg0@mapquest.com
578,"Weber, Kilback and Reichel",Bosnia and Herzegovina,pdeggg1@about.me
579,Marquardt-Paucek,Indonesia,nscobbieg2@ted.com
580,Prosacco-Hansen,Sweden,lgoldhillg3@wp.com
581,Pollich and Sons,French Polynesia,clayeg4@businessinsider.com
582,Doyle-Mayer,Guatemala,bdabesg5@bandcamp.com
583,Upton LLC,Malaysia,khutcheonsg6@tmall.com
584,"Stark, Rogahn and Mayert",Brazil,rcarolig7@thetimes.co.uk
585,Morar-Lind,Malaysia,agabbitasg8@chron.com
586,"Romaguera, King and Schmitt",China,kboswardg9@state.tx.us
587,Anderson-Grant,Indonesia,opaolonega@163.com
588,Runte Inc,Brazil,jchrichtongb@nbcnews.com
589,Marquardt-Feeney,China,cdightongc@twitpic.com
590,"Hilpert, Cormier and Corwin",Laos,awederellgd@slate.com
591,Reynolds Inc,China,gwillartonge@independent.co.uk
592,Dicki-Frami,Israel,kgohiergf@com.com
593,"Kshlerin, Powlowski and Jerde",Indonesia,etrenemangg@theglobeandmail.com
594,Shields and Sons,China,lstedmangh@wikispaces.com
595,Schmeler-Hills,Kazakhstan,tbeevorsgi@cam.ac.uk
596,Schumm Group,Cyprus,mfedynskigj@globo.com
597,Little-Leannon,Russia,jshintongk@google.nl
598,"Blanda, Cremin and Kiehn",Norway,hgoodyergl@smugmug.com
599,Dicki-Littel,Russia,ebourdicegm@t.co
600,Haley-Howe,Sweden,gcaswellgn@wix.com
601,Russel-Schiller,Thailand,bkrzysztofgo@buzzfeed.com
602,Gusikowski-Marquardt,France,bgheraldigp@imageshack.us
603,West-Powlowski,China,ahagwoodgq@telegraph.co.uk
604,Rosenbaum-Rogahn,Philippines,mhealingsgr@hubpages.com
605,"Batz, Hamill and Pouros",Philippines,pkenningleygs@house.gov
606,Marks and Sons,Portugal,bcoultgt@cyberchimps.com
607,"Hammes, Mills and Dach",Morocco,dchauncegu@soundcloud.com
608,Blick and Sons,United States,cbreukelmangv@whitehouse.gov
609,Abshire-Sauer,Argentina,fbedenhamgw@eventbrite.com
610,"Wilderman, Heidenreich and Douglas",China,mbickerdikegx@booking.com
611,Bahringer and Sons,China,khalseygy@google.de
612,Treutel Inc,Egypt,bbasnettgz@cnn.com
613,"Ritchie, Lemke and Lesch",Philippines,lpealh0@webmd.com
614,Carter-McDermott,Spain,mchallicumh1@slate.com
615,"Macejkovic, Kihn and Metz",Indonesia,fnevetth2@weebly.com
616,"Trantow, Morar and Kovacek",China,pshawyerh3@usatoday.com
617,"McGlynn, O'Conner and Jerde",China,ejertzh4@princeton.edu
618,Hackett LLC,China,elloph5@ca.gov
619,Considine-Prosacco,Russia,srolseh6@e-recht24.de
620,"Reichert, Thompson and Goldner",United States,adrinkwaterh7@salon.com
621,Hills-Pagac,China,eblackebyh8@altervista.org
622,Thiel-Larkin,Poland,hlotsh9@oracle.com
623,Boehm Group,Poland,omcilraithha@devhub.com
624,Lehner LLC,China,hguilfordhb@army.mil
625,Romaguera and Sons,Philippines,cfordhamhc@alibaba.com
626,Zboncak Group,Brazil,csinkingshd@moonfruit.com
627,"Dooley, Wolff and Orn",China,massantehe@vinaora.com
628,Jenkins Inc,Uruguay,fmcraehf@technorati.com
629,Bins-Cartwright,Russia,lsavillehg@census.gov
630,Batz-Rau,China,gwilcockeshh@miibeian.gov.cn
631,"Ziemann, Adams and Langworth",Thailand,cogbornhi@gmpg.org
632,Kling Inc,Philippines,nmcgaughiehj@smugmug.com
633,Greenholt-Kuhlman,Indonesia,gmeekingshk@alexa.com
634,Vandervort Group,China,grathkehl@edublogs.org
635,Schuppe-Hoppe,Guatemala,tclackershm@intel.com
636,"Reinger, Barton and Larson",Iraq,bescreethn@dropbox.com
637,"Hand, Davis and Ebert",Sweden,cheinsiusho@wired.com
638,Langosh and Sons,Brazil,dsloleyhp@va.gov
639,Marquardt and Sons,Philippines,fgrigoriohq@joomla.org
640,Schinner LLC,Peru,plakelandhr@fastcompany.com
641,"Dicki, Torp and Weber",El Salvador,apocknollhs@fotki.com
642,"Pacocha, Koelpin and Collins",Indonesia,zhummht@cocolog-nifty.com
643,Turcotte-Altenwerth,Indonesia,csiblyhu@geocities.com
644,Schamberger-Paucek,Philippines,sdibsonhv@vinaora.com
645,"Stanton, Schaefer and Metz",United States,lgrayerhw@yahoo.co.jp
646,Sanford-Monahan,Indonesia,mgenneyhx@google.com.br
647,Ebert-Boyer,Sweden,ccoveneyhy@theglobeandmail.com
648,Kunde and Sons,China,iboydahz@ebay.com
649,Kuvalis-Terry,France,dlinnanei0@usda.gov
650,"Witting, Lesch and Donnelly",Czech Republic,cgwionethi1@sina.com.cn
651,Langworth Inc,Poland,vlapleyi2@reverbnation.com
652,"Volkman, Auer and Jacobson",United States,mmuffeni3@toplist.cz
653,"Lynch, Armstrong and Ullrich",Poland,achattawayi4@army.mil
654,"Littel, Labadie and Hoppe",Portugal,nburnselli5@furl.net
655,Mueller-Dibbert,Thailand,abeani6@flavors.me
656,"Stracke, Raynor and Morissette",Palestinian Territory,byurkovi7@shop-pro.jp
657,Ferry Inc,Malaysia,kgreenroydi8@abc.net.au
658,"Mertz, Schowalter and Hintz",China,poffieldi9@ebay.co.uk
659,Schroeder Group,China,gblampyia@mozilla.org
660,Ebert-Heaney,Kazakhstan,cdambrosioib@cbslocal.com
661,Cassin and Sons,China,rpatershallic@creativecommons.org
662,"Upton, Kuphal and McGlynn",Canada,lstrongid@hao123.com
663,Dickens and Sons,Indonesia,emolfinoie@elegantthemes.com
664,Auer-McCullough,Saudi Arabia,emaciverif@blinklist.com
665,Hackett Inc,Serbia,zsingersig@comsenz.com
666,Mosciski LLC,France,emcmenaminih@biblegateway.com
667,Grimes-Satterfield,Guatemala,ebrideokeii@weebly.com
668,"Kub, West and Fisher",Peru,cdorkenij@bbc.co.uk
669,Yundt-Kris,Luxembourg,cheenanik@senate.gov
670,Nicolas-Bayer,Peru,mmacmillanil@dot.gov
671,"Armstrong, Huel and Murazik",Portugal,mgoulstoneim@sbwire.com
672,Reinger-Tromp,Sweden,cashein@soup.io
673,Hudson and Sons,China,owhittleseaio@eepurl.com
674,Hyatt Group,Poland,rsimenetip@loc.gov
675,"Purdy, Shanahan and Hyatt",Poland,frestieauxiq@twitpic.com
676,"Reichert, Lemke and Douglas",Indonesia,mmcconnultyir@google.de
677,Cummings-Kilback,United States,lrammeis@patch.com
678,"Gaylord, Blanda and Bruen",Finland,hlochit@nydailynews.com
679,Stiedemann-Murazik,China,pguniu@hc360.com
680,Carroll-Hermann,Sweden,afearneyiv@facebook.com
681,"Pfeffer, Schultz and DuBuque",China,owordleyiw@vistaprint.com
682,Goldner-Frami,Philippines,eberrymanix@earthlink.net
683,Thompson and Sons,Indonesia,emacmorlandiy@chronoengine.com
684,Rippin LLC,France,mkarpushkiniz@yahoo.com
685,O'Conner-Towne,Indonesia,kbriandj0@jalbum.net
686,Murazik-Williamson,Portugal,abuglerj1@nps.gov
687,Nolan-Volkman,Ukraine,rnormanj2@google.ca
688,"Skiles, Rogahn and Weimann",France,nhaskaynej3@ezinearticles.com
689,Streich-Krajcik,Philippines,clodevickj4@squidoo.com
690,Funk LLC,Argentina,scavesj5@archive.org
691,Ritchie-Quitzon,Brazil,rcroasdalej6@google.es
692,Mills-Runolfsdottir,Portugal,mlesurfj7@shop-pro.jp
693,Hilll LLC,Colombia,dhefferj8@jiathis.com
694,Grimes-Mueller,Portugal,cpocockej9@zdnet.com
695,Weissnat-Emmerich,Brazil,lladenja@nifty.com
696,Hauck-Raynor,Czech Republic,svasyutochkinjb@google.nl
697,"Rosenbaum, Berge and Ebert",Mexico,dmatejajc@pen.io
698,Kihn-Franecki,Hong Kong,bpilbeamjd@wunderground.com
699,Wilderman-Botsford,Russia,schurchyardje@aboutads.info
700,Heidenreich-Hayes,Indonesia,weltonejf@arstechnica.com
701,Kihn Inc,South Africa,tpidcockjg@topsy.com
702,Nader-Adams,France,vblaschekjh@slate.com
703,Langworth-King,Bulgaria,sbissetji@yale.edu
704,Jones-Roob,Ireland,ssabeyjj@boston.com
705,"Crona, Glover and Hilpert",Albania,lfarncombjk@stanford.edu
706,"Jacobson, Gerlach and Predovic",Brazil,srathkejl@networkadvertising.org
707,Leffler Group,China,ccardinalejm@163.com
708,"Weber, Sporer and Berge",Russia,mkhotlerjn@trellian.com
709,Halvorson Inc,Brazil,lbulfootjo@topsy.com
710,Koch LLC,China,edouchejp@google.cn
711,Haley Group,United Kingdom,fwildashjq@opensource.org
712,"Gusikowski, Pfeffer and Schimmel",Poland,rkyndredjr@microsoft.com
713,Mertz Inc,Nigeria,atebbittjs@cnet.com
714,Zulauf and Sons,Poland,smausjt@dailymotion.com
715,Murphy-Gleichner,Japan,mmartschkeju@vk.com
716,Towne LLC,El Salvador,vtinceyjv@linkedin.com
717,Mohr Group,Iraq,cspellecyjw@ed.gov
718,Armstrong-Fahey,China,gredingjx@dropbox.com
719,Bartell Group,Indonesia,okyngejy@vimeo.com
720,"Grady, Pollich and Wuckert",Indonesia,nmarmonjz@nationalgeographic.com
721,Grant and Sons,Russia,tmuggk0@ocn.ne.jp
722,Schowalter-Rice,China,sblaxtonk1@xing.com
723,"Boehm, Orn and Donnelly",China,sconradk2@tinyurl.com
724,Monahan Inc,Canada,svinterk3@hao123.com
725,Gerhold Group,Indonesia,bmaffyk4@irs.gov
726,Spencer-Erdman,Philippines,mskillk5@51.la
727,Flatley Inc,Indonesia,hclampk6@pagesperso-orange.fr
728,Kuhic Inc,Brazil,tmcnaek7@vistaprint.com
729,Fadel LLC,Portugal,msentonk8@123-reg.co.uk
730,Cremin-Herman,China,mcasalek9@dot.gov
731,Homenick-Fahey,Ukraine,syitzhakka@uol.com.br
732,Blanda-Barton,Peru,ydumperkb@nymag.com
733,"Stehr, Blick and Murray",Kazakhstan,fmutlowkc@barnesandnoble.com
734,Rohan-Bernier,Sweden,fchipperfieldkd@moonfruit.com
735,"Hilll, Predovic and Kuhic",Malaysia,mfinniganke@shop-pro.jp
736,Smith LLC,Philippines,tpunchkf@kickstarter.com
737,"Beer, Hermiston and Walsh",Russia,mricciardellikg@prlog.org
738,Conn-Williamson,Vietnam,agadmankh@clickbank.net
739,"Larson, Hane and Conroy",Bangladesh,kjambrozekki@joomla.org
740,Marquardt-Dare,Greece,jcreanykj@parallels.com
741,Nienow Inc,Czech Republic,bludlammekk@cbsnews.com
742,"Pacocha, Botsford and Gislason",Peru,kschruurskl@wsj.com
743,Rau Inc,Argentina,cmcgilvrakm@webeden.co.uk
744,"Turcotte, Collier and Cronin",China,opringuerkn@tamu.edu
745,Littel-Gerlach,Kosovo,esisslandko@ask.com
746,"Carter, Hermann and Hermiston",Japan,agodbeherekp@geocities.jp
747,"Kohler, Herman and Mann",Hungary,aromerokq@symantec.com
748,"Gerhold, Gleason and Predovic",Latvia,tgoodswenkr@microsoft.com
749,Feest Inc,Philippines,rkrzysztofiakks@economist.com
750,Grimes-Harber,Indonesia,bcowiekt@vk.com
751,"Hirthe, Runolfsdottir and Fahey",Morocco,aduvalku@weibo.com
752,"Lindgren, Grimes and Rice",United States,pcontikv@sourceforge.net
753,"Zulauf, Rath and Reilly",Finland,mbradlykw@biglobe.ne.jp
754,Muller and Sons,China,jgoldingkx@independent.co.uk
755,"Beahan, Frami and Reynolds",Democratic Republic of the Congo,mvillaretky@independent.co.uk
756,"Abbott, Rice and Wunsch",China,apideonkz@cocolog-nifty.com
757,"Botsford, Goyette and Brekke",France,mankrettl0@sfgate.com
758,"Bauch, Cummings and Greenfelder",Peru,tairesl1@theatlantic.com
759,"Bogisich, Hilll and Moore",Syria,cloosmorel2@smh.com.au
760,"Fritsch, Heathcote and O'Reilly",China,amatticcil3@usnews.com
761,Monahan Inc,France,skrochl4@alexa.com
762,Hoppe-Deckow,Peru,wdunnl5@irs.gov
763,Spencer Inc,Afghanistan,kblackeslandl6@wikipedia.org
764,Mann-McGlynn,China,ehammerbergl7@nba.com
765,Rolfson and Sons,Indonesia,nantaol8@ftc.gov
766,Wuckert-Okuneva,United States,ekwietekl9@eventbrite.com
767,"Koelpin, Keeling and Abshire",Brazil,klivezeyla@dion.ne.jp
768,"Mante, Nicolas and Grimes",United States,jhayballlb@rakuten.co.jp
769,Leffler-Schulist,China,thabblelc@bravesites.com
770,Parisian-Gerhold,Canada,wbelderfieldld@booking.com
771,Hessel-Blick,Indonesia,dcasarinile@google.co.jp
772,"Kautzer, Turcotte and Morissette",Netherlands,dsteptoelf@arstechnica.com
773,"Langworth, Bernhard and Klein",China,fdominylg@hatena.ne.jp
774,McCullough and Sons,China,qabbatilh@shinystat.com
775,Ratke-Walsh,Russia,estedmanli@hexun.com
776,Kozey-Veum,France,mhartmanlj@mayoclinic.com
777,"Hoppe, Purdy and VonRueden",Russia,gstedelk@unesco.org
778,Dickens-Schmitt,Senegal,scopelandll@wikipedia.org
779,Barrows-Predovic,United Arab Emirates,bconradlm@ucoz.ru
780,Swift Inc,China,mambrosioln@msu.edu
781,Lueilwitz-Emard,Philippines,arobloulo@princeton.edu
782,"Toy, Gleichner and Goyette",Sweden,gbullardlp@unc.edu
783,Pacocha LLC,France,wweinberglq@symantec.com
784,Murphy-Nicolas,Sweden,scaccavarilr@facebook.com
785,Conn Group,Philippines,kolsenls@weibo.com
786,Bernhard-Smitham,Mexico,cskevingtonlt@abc.net.au
787,Dibbert LLC,Brazil,hbembridgelu@unblog.fr
788,Braun LLC,Japan,wogormanlv@digg.com
789,Hammes-Reynolds,Poland,kchaterlw@feedburner.com
790,"Corkery, Senger and Collier",Japan,elortzlx@tripadvisor.com
791,"Boyer, Rogahn and Cruickshank",Portugal,cwickensly@zdnet.com
792,"Stracke, Tillman and Sauer",Iran,ajohansenlz@wired.com
793,Kiehn Group,Sweden,acranidgem0@telegraph.co.uk
794,Carroll-Feil,Philippines,crambergm1@slashdot.org
795,Haley-Johns,Sri Lanka,btocquem2@macromedia.com
796,Graham LLC,Indonesia,lgravym3@multiply.com
797,"Ortiz, Braun and Connelly",Indonesia,aaguirrem4@bloomberg.com
798,"Pacocha, Rowe and Ryan",Indonesia,fkeddiem5@marketwatch.com
799,"Abbott, Eichmann and Buckridge",Albania,ekohrsm6@pcworld.com
800,Sauer-Walker,Croatia,rmatchettm7@skype.com
801,"Deckow, Jaskolski and Mueller",Indonesia,beddiesm8@nba.com
802,Powlowski Inc,South Africa,rgoodingm9@mediafire.com
803,White-Anderson,Yemen,ehuygensma@vk.com
804,Reichert Inc,Indonesia,wshardmb@army.mil
805,"Lakin, Koelpin and Hermann",China,jdunsmc@usa.gov
806,Dietrich Inc,China,smeemd@ca.gov
807,Tremblay-Tremblay,France,jvigersme@cisco.com
808,"Volkman, Will and O'Connell",Belarus,siansonmf@blogger.com
809,Kuphal Inc,Poland,fstelfaxmg@liveinternet.ru
810,McCullough and Sons,Philippines,wballentimemh@ehow.com
811,Koelpin-Keebler,Portugal,dwenningtonmi@usgs.gov
812,Brown Inc,Russia,imacteaguemj@woothemes.com
813,Douglas and Sons,Indonesia,omaffullimk@howstuffworks.com
814,O'Hara-Rutherford,Indonesia,ckemittml@ebay.co.uk
815,"Hartmann, Murazik and Reichert",China,bgrosemm@bizjournals.com
816,Connelly-Wyman,China,lskentelberymn@rakuten.co.jp
817,McKenzie-Hahn,Democratic Republic of the Congo,uwestollmo@smh.com.au
818,Boyle-West,China,llefeavermp@earthlink.net
819,Hodkiewicz-Dach,Indonesia,lwoltmanmq@salon.com
820,Murphy Inc,Vietnam,lvalenssmithmr@ucsd.edu
821,Barrows-Johns,Russia,kmellerms@gizmodo.com
822,"Quitzon, Bogisich and Eichmann",Pakistan,gquirkmt@w3.org
823,Robel-Ullrich,France,nloachheadmu@qq.com
824,"Donnelly, Cremin and Kuvalis",China,jjanikowskimv@chicagotribune.com
825,Wunsch and Sons,Japan,moffillmw@odnoklassniki.ru
826,Klein Group,Indonesia,othompstonemx@xinhuanet.com
827,Hahn-Ritchie,Russia,nsixsmithmy@yahoo.co.jp
828,Tremblay Inc,Indonesia,vstidstonmz@trellian.com
829,Fay and Sons,Japan,bkubickan0@opensource.org
830,"Glover, O'Connell and Kirlin",Norway,omatteinin1@amazon.com
831,"Sipes, Wuckert and Blick",Russia,cdehnn2@wordpress.org
832,Fadel-Strosin,Sweden,eknightn3@oaic.gov.au
833,Blick and Sons,China,wlebretonn4@studiopress.com
834,"Hamill, Welch and Krajcik",China,nsoamen5@sciencedirect.com
835,Rolfson-Stoltenberg,Colombia,mdhenninn6@webs.com
836,Boehm-Steuber,Mauritius,mgresten7@nifty.com
837,"Paucek, Swaniawski and Price",Argentina,jrozecn8@walmart.com
838,Bradtke-Greenholt,Czech Republic,glambertzn9@google.co.jp
839,Cassin Group,Costa Rica,csennettna@pbs.org
840,"Gorczany, Mante and Beer",Chad,rnelnb@npr.org
841,"Cruickshank, Mitchell and Goodwin",Brazil,abooijnc@i2i.jp
842,"Strosin, Lynch and Lueilwitz",Philippines,smoverleynd@fc2.com
843,Homenick-Dach,Iran,liannuzzelline@4shared.com
844,Sauer-Lang,Cyprus,ckubisnf@harvard.edu
845,D'Amore Group,Russia,ehavisng@devhub.com
846,"Crona, Stamm and Reinger",Japan,pbirkenshawnh@ibm.com
847,"Bartoletti, Parisian and Conn",South Korea,bwheatleyni@ibm.com
848,Hartmann-Hamill,Sweden,tbishnj@shinystat.com
849,Wisoky-Beier,Honduras,laggnk@amazon.co.jp
850,Torp-Deckow,Philippines,fbascombnl@cisco.com
851,O'Kon Inc,China,ojiraknm@godaddy.com
852,Cole-Conn,Serbia,fnuzztinn@dagondesign.com
853,"Boehm, Mraz and Pouros",Indonesia,cguesteno@businesswire.com
854,Orn Group,Philippines,mshoveltonnp@gnu.org
855,Douglas and Sons,Kazakhstan,rspindlernq@chicagotribune.com
856,"Sanford, McKenzie and Kuvalis",Indonesia,himminsnr@barnesandnoble.com
857,Crist-Rau,Brazil,vpovlsenns@github.io
858,"Spinka, Auer and Rogahn",Czech Republic,todoughertynt@psu.edu
859,Kub LLC,Portugal,rcurtissnu@t.co
860,"Cruickshank, Haley and Hansen",Czech Republic,twestmancoatnv@webnode.com
861,Toy-Schroeder,China,ntourrynw@zimbio.com
862,"Armstrong, Hodkiewicz and Spencer",Philippines,ncassamnx@opera.com
863,Armstrong-Hartmann,Brazil,tleyshonny@goo.gl
864,"Stoltenberg, Marks and Smith",China,rgradonnz@stumbleupon.com
865,"Oberbrunner, Bradtke and Kohler",Mauritius,ufleetwoodo0@discuz.net
866,Torphy Group,Greece,obellowso1@mediafire.com
867,Mraz Group,Indonesia,wjowetto2@amazonaws.com
868,Abernathy-Wolff,China,rstidevero3@slate.com
869,"Vandervort, Adams and Connelly",Russia,mwinsero4@bloglines.com
870,"Hansen, Block and Lind",Russia,ffisbyo5@cdc.gov
871,Walsh Group,United States,mnappino6@vinaora.com
872,Ortiz Inc,Philippines,tmalingo7@cbc.ca
873,"Prohaska, Jakubowski and Grant",Mongolia,gallworthyo8@mapquest.com
874,Kreiger-Stanton,Indonesia,gmedendorpo9@histats.com
875,Fritsch LLC,Russia,dbrestonoa@mashable.com
876,"Leannon, Ortiz and Cummings",China,fseckerob@cisco.com
877,Senger-Emard,Ukraine,tdraudeoc@over-blog.com
878,"Haley, Jacobson and Abbott",New Zealand,lparncuttod@wufoo.com
879,Fisher LLC,China,eklossmannoe@tamu.edu
880,"Mills, O'Reilly and Maggio",Indonesia,rjansof@bandcamp.com
881,"Lueilwitz, Bogisich and Smitham",Syria,kgaucheog@reddit.com
882,"Skiles, Greenfelder and Breitenberg",Indonesia,lcatletteoh@comcast.net
883,Emmerich-Conn,Argentina,dandrinoi@youtu.be
884,"Douglas, Hills and Towne",Poland,rbarnsoj@studiopress.com
885,Grant-Thompson,Tanzania,hlethamok@kickstarter.com
886,"MacGyver, Daugherty and O'Reilly",China,cblacklerol@yelp.com
887,Balistreri-Conroy,Samoa,ddunkerlyom@yolasite.com
888,Pacocha-Mante,Argentina,gsellanon@adobe.com
889,Windler LLC,Greece,jantoshinoo@miibeian.gov.cn
890,Harber LLC,Peru,smckeachieop@time.com
891,Stokes-Graham,China,esetterthwaitoq@hibu.com
892,"Schamberger, Purdy and Abernathy",Russia,mskillicornor@webeden.co.uk
893,Dietrich-Haag,Ukraine,wstrelitzos@youtu.be
894,"Gutmann, White and Oberbrunner",Spain,rjillingsot@themeforest.net
895,"Wilkinson, Larkin and Cole",Poland,cmacenteeou@home.pl
896,Farrell-Jast,China,tmattheeuwov@psu.edu
897,Lowe Inc,Greece,vcastellsow@hostgator.com
898,Powlowski-Zulauf,Germany,jmonteauxox@eventbrite.com
899,Schumm and Sons,Argentina,soddeoy@clickbank.net
900,Berge-Jerde,Poland,ecasillasoz@sphinn.com
901,"Shields, Schmidt and Douglas",Russia,aedmedp0@techcrunch.com
902,Jacobi Group,Portugal,asyddiep1@paypal.com
903,Baumbach-Collins,South Korea,jfilyushkinp2@w3.org
904,Zboncak Group,Thailand,dtuffp3@pcworld.com
905,Parisian and Sons,Sweden,fvinnickp4@un.org
906,Conroy Inc,Vietnam,thanneyp5@ted.com
907,Renner and Sons,Philippines,cgershomp6@mashable.com
908,"Gutkowski, Kuhn and Schiller",Mexico,rhaversonp7@mail.ru
909,Keebler-Schmitt,Indonesia,cgiovanazzip8@cam.ac.uk
910,"Borer, Hirthe and Stoltenberg",Paraguay,nledgewayp9@guardian.co.uk
911,Watsica-Smith,Finland,dkimberpa@narod.ru
912,Purdy-Dach,China,rnutkinpb@symantec.com
913,Quitzon and Sons,Chile,scaddypc@sun.com
914,"Larkin, Farrell and Hackett",China,tcaldecourtpd@umn.edu
915,"Lueilwitz, Satterfield and O'Connell",Palestinian Territory,hshambrookpe@e-recht24.de
916,Braun-Gutkowski,Macedonia,dmandelpf@forbes.com
917,"Rice, Schimmel and Price",Portugal,jevequotpg@hp.com
918,Will Inc,Venezuela,ltennisonph@miibeian.gov.cn
919,"Kling, Ratke and Williamson",Venezuela,wdytepi@businesswire.com
920,Streich LLC,Indonesia,mbrandelpj@senate.gov
921,Oberbrunner Group,China,tmacskeaganpk@digg.com
922,Kirlin-Cummings,China,npirkispl@patch.com
923,"Hirthe, Wilkinson and Schaefer",Philippines,lmoypm@ifeng.com
924,"Aufderhar, King and Rosenbaum",Ivory Coast,colandapn@desdev.cn
925,Kihn and Sons,Greece,mconichiepo@theguardian.com
926,Pfannerstill-Auer,Russia,nplastowpp@xing.com
927,"Towne, Lesch and Spinka",Indonesia,hvaliantpq@biglobe.ne.jp
928,"Miller, Willms and Luettgen",Colombia,cfittpr@reference.com
929,Feest-Kris,Portugal,kblincops@dyndns.org
930,"Wunsch, O'Connell and Kovacek",Russia,gtiuitpt@cnet.com
931,Schowalter Group,Indonesia,abradburnpu@rakuten.co.jp
932,Wilkinson-Bogan,Albania,esandilandspv@opensource.org
933,"Schmeler, Kilback and Nitzsche",Spain,agartenfeldpw@kickstarter.com
934,"Murray, Hagenes and Wyman",China,cregitzpx@sohu.com
935,Schmitt Inc,Croatia,amaclavertypy@psu.edu
936,"Bailey, Streich and Wiegand",Poland,bhonnicottpz@vkontakte.ru
937,Kunze-Koch,Paraguay,mwarlaweq0@flickr.com
938,"Flatley, Leuschke and Kub",Peru,agudahyq1@privacy.gov.au
939,Abbott and Sons,Syria,rrigateq2@gizmodo.com
940,Hills LLC,Kazakhstan,vhachardq3@google.pl
941,Buckridge Group,Czech Republic,swaddieq4@woothemes.com
942,Kovacek-Hansen,Philippines,hbleaseq5@privacy.gov.au
943,"O'Conner, Mueller and Quigley",Czech Republic,bmarslandq6@angelfire.com
944,Schinner Group,Serbia,abaythorpq7@umich.edu
945,Bergstrom-Eichmann,Czech Republic,kbaggarleyq8@com.com
946,"Mante, Hayes and Batz",Indonesia,mkarpolq9@tripadvisor.com
947,Beer LLC,Portugal,eloudonqa@wunderground.com
948,"Jacobs, Thiel and Cummings",France,mdavleyqb@eventbrite.com
949,McClure-Koepp,China,nmembryqc@cyberchimps.com
950,Daugherty LLC,Portugal,bmelloyqd@china.com.cn
951,Watsica Inc,Spain,jwoehlerqe@cnet.com
952,Rolfson Inc,East Timor,vbossomqf@fc2.com
953,"Turner, Douglas and Crooks",Indonesia,cenglefieldqg@usda.gov
954,Yundt-Krajcik,China,ekillbeyqh@springer.com
955,O'Conner and Sons,China,cwatersqi@opensource.org
956,"Bernier, Trantow and Brekke",China,bcampsallqj@4shared.com
957,Sanford and Sons,Indonesia,lcapaldoqk@google.de
958,"Hilpert, Dooley and Hills",Brazil,ajansikql@hibu.com
959,"O'Reilly, Anderson and Von",France,mwhybrowqm@slate.com
960,"Thompson, Barrows and Baumbach",France,rjeacockqn@simplemachines.org
961,Hessel Group,Philippines,hmournianqo@spotify.com
962,Williamson-Eichmann,Indonesia,dmanjinqp@ed.gov
963,Jacobi-Bailey,Syria,khamshereqq@chron.com
964,"Shields, O'Connell and Reinger",Spain,cchinnickqr@merriam-webster.com
965,Wuckert Inc,Japan,noldfieldqs@wp.com
966,"Considine, Huels and Williamson",Iran,hkryskaqt@chronoengine.com
967,Altenwerth Inc,China,hboornqu@last.fm
968,"Hammes, Cartwright and Howe",Japan,vbladenqv@imageshack.us
969,Block-McClure,Thailand,kgodarqw@symantec.com
970,Yost LLC,Philippines,vappsqx@ox.ac.uk
971,Langworth-Huel,China,hdumingoqy@amazon.de
972,Macejkovic-Blanda,Kenya,dlebretonqz@blog.com
973,"Weber, Welch and Schultz",Honduras,mkemsleyr0@army.mil
974,"Macejkovic, Casper and Farrell",Russia,hballsr1@topsy.com
975,Heaney and Sons,China,cburbidger2@parallels.com
976,Stanton Group,Mexico,gkelseyr3@networkadvertising.org
977,Dietrich LLC,Russia,hbrenstuhlr4@networkadvertising.org
978,Collins Inc,China,rsavidger5@qq.com
979,Towne and Sons,Philippines,cairdr6@wunderground.com
980,"Mueller, Lebsack and Johns",Russia,vmedhurstr7@t.co
981,"Dietrich, Ferry and Eichmann",Czech Republic,bmellerr8@zdnet.com
982,Hirthe-Ebert,Mongolia,lgrigorushkinr9@tumblr.com
983,Kuvalis and Sons,China,ctarrra@who.int
984,Boyer-Doyle,China,vgherardescirb@php.net
985,Stokes-Kuphal,France,csuggerc@w3.org
986,Wilkinson-Swift,South Africa,afitzsymonsrd@dailymail.co.uk
987,"Feil, Haley and Herzog",Serbia,jweedonre@example.com
988,"Schiller, MacGyver and Lockman",Nigeria,rbullockrf@godaddy.com
989,"Schmeler, Marvin and Kreiger",Russia,pvasyaninrg@ft.com
990,Beatty Group,Netherlands,waloshechkinrh@istockphoto.com
991,Reichert Inc,Philippines,aflandersri@icio.us
992,"Braun, Conn and Morar",Australia,pceccolirj@gnu.org
993,"Kilback, Goldner and Nitzsche",Nigeria,acogswellrk@squidoo.com
994,"Tillman, Donnelly and Goodwin",Malaysia,brawnerl@loc.gov
995,"Schroeder, Conn and Powlowski",Serbia,sstookesrm@e-recht24.de
996,"Hermiston, Mayer and Hauck",Indonesia,jfranzewitchrn@accuweather.com
997,Kuhic LLC,China,ehariotro@symantec.com
998,Rath Group,Paraguay,cseamerrp@sina.com.cn
999,Kulas and Sons,China,nbreederq@forbes.com
1000,Schmitt LLC,France,cconibeerrr@ovh.net
