id,freelancer_id,category
1,560,Writing
2,433,Translation
3,219,Data Science and Analytics
4,256,IT and Networking
5,511,Translation
6,159,Sales and Marketing
7,759,Legal
8,593,Legal
9,844,Admin Support
10,118,Translation
11,440,Data Science and Analytics
12,985,Data Science and Analytics
13,353,Accounting and Consulting
14,887,Data Science and Analytics
15,591,Sales and Marketing
16,88,Writing
17,942,Writing
18,355,Sales and Marketing
19,772,Sales and Marketing
20,329,Sales and Marketing
21,473,Sales and Marketing
22,712,Data Science and Analytics
23,714,Admin Support
24,612,Data Science and Analytics
25,624,Sales and Marketing
26,18,Legal
27,815,Admin Support
28,235,Data Science and Analytics
29,671,Engineering and Architecture
30,82,Design and Creative
31,168,Design and Creative
32,971,Legal
33,31,Design and Creative
34,696,Accounting and Consulting
35,477,Translation
36,827,IT and Networking
37,738,Design and Creative
38,891,Admin Support
39,8,Translation
40,89,Customer Service
41,786,Sales and Marketing
42,26,Translation
43,235,Translation
44,194,Engineering and Architecture
45,991,Translation
46,794,Legal
47,867,Design and Creative
48,415,Data Science and Analytics
49,330,Web Mobile and Software Dev
50,200,Writing
51,88,Sales and Marketing
52,306,Legal
53,140,Legal
54,343,Legal
55,837,Web Mobile and Software Dev
56,465,Customer Service
57,532,IT and Networking
58,214,Customer Service
59,624,Customer Service
60,618,IT and Networking
61,450,Design and Creative
62,337,Design and Creative
63,829,Design and Creative
64,646,Engineering and Architecture
65,608,Web Mobile and Software Dev
66,757,Admin Support
67,909,Engineering and Architecture
68,707,Legal
69,378,Sales and Marketing
70,216,Web Mobile and Software Dev
71,44,Data Science and Analytics
72,906,IT and Networking
73,899,Customer Service
74,608,Legal
75,165,Writing
76,224,Writing
77,733,Accounting and Consulting
78,825,Legal
79,25,Engineering and Architecture
80,609,IT and Networking
81,463,Translation
82,234,Writing
83,466,Customer Service
84,29,Customer Service
85,264,Translation
86,652,Admin Support
87,340,Admin Support
88,669,Engineering and Architecture
89,888,Accounting and Consulting
90,158,Sales and Marketing
91,574,Web Mobile and Software Dev
92,365,Customer Service
93,255,Translation
94,210,IT and Networking
95,417,IT and Networking
96,361,Admin Support
97,527,Translation
98,668,Customer Service
99,111,Translation
100,161,Admin Support
101,859,Admin Support
102,946,Legal
103,145,Design and Creative
104,784,Customer Service
105,918,Data Science and Analytics
106,270,Sales and Marketing
107,925,Writing
108,223,Admin Support
109,587,Data Science and Analytics
110,548,Web Mobile and Software Dev
111,353,Translation
112,314,Sales and Marketing
113,476,Translation
114,402,Data Science and Analytics
115,779,Accounting and Consulting
116,458,Data Science and Analytics
117,730,Writing
118,430,Translation
119,459,Web Mobile and Software Dev
120,979,Customer Service
121,745,Engineering and Architecture
122,840,Writing
123,652,Web Mobile and Software Dev
124,242,Accounting and Consulting
125,954,Customer Service
126,303,Customer Service
127,767,Translation
128,107,IT and Networking
129,811,IT and Networking
130,998,Translation
131,474,Admin Support
132,745,Writing
133,246,Customer Service
134,234,Admin Support
135,700,Translation
136,685,Legal
137,88,Accounting and Consulting
138,870,Engineering and Architecture
139,167,Admin Support
140,352,Web Mobile and Software Dev
141,173,Customer Service
142,453,Accounting and Consulting
143,12,Legal
144,677,Customer Service
145,712,IT and Networking
146,33,Engineering and Architecture
147,139,Data Science and Analytics
148,752,Legal
149,640,Legal
150,373,Accounting and Consulting
151,259,Writing
152,147,Accounting and Consulting
153,97,Customer Service
154,951,IT and Networking
155,818,Sales and Marketing
156,24,Design and Creative
157,944,Admin Support
158,608,Translation
159,626,Web Mobile and Software Dev
160,270,Legal
161,95,Writing
162,637,Accounting and Consulting
163,717,Sales and Marketing
164,364,Legal
165,403,Web Mobile and Software Dev
166,735,Design and Creative
167,87,Data Science and Analytics
168,143,Legal
169,781,Writing
170,512,Writing
171,255,Design and Creative
172,190,Data Science and Analytics
173,665,IT and Networking
174,645,Data Science and Analytics
175,155,Web Mobile and Software Dev
176,410,Data Science and Analytics
177,456,Engineering and Architecture
178,882,Web Mobile and Software Dev
179,258,Engineering and Architecture
180,305,Design and Creative
181,935,Web Mobile and Software Dev
182,157,Legal
183,183,Legal
184,939,Design and Creative
185,252,Design and Creative
186,408,Data Science and Analytics
187,900,Customer Service
188,316,Sales and Marketing
189,526,Admin Support
190,863,Customer Service
191,464,IT and Networking
192,250,Data Science and Analytics
193,591,Data Science and Analytics
194,100,Translation
195,173,Admin Support
196,386,Web Mobile and Software Dev
197,467,Accounting and Consulting
198,3,Writing
199,497,IT and Networking
200,250,Data Science and Analytics
201,383,Legal
202,465,Translation
203,539,IT and Networking
204,826,Sales and Marketing
205,586,Translation
206,179,Accounting and Consulting
207,101,Sales and Marketing
208,491,Accounting and Consulting
209,51,Customer Service
210,221,Sales and Marketing
211,3,Engineering and Architecture
212,638,Writing
213,257,Customer Service
214,296,IT and Networking
215,552,Engineering and Architecture
216,115,Admin Support
217,230,Data Science and Analytics
218,929,Sales and Marketing
219,758,Legal
220,50,Data Science and Analytics
221,452,Web Mobile and Software Dev
222,921,Translation
223,328,Translation
224,124,Customer Service
225,423,Translation
226,826,Data Science and Analytics
227,203,Customer Service
228,777,Web Mobile and Software Dev
229,816,Engineering and Architecture
230,156,Translation
231,838,Translation
232,820,Admin Support
233,246,Design and Creative
234,412,Data Science and Analytics
235,474,Web Mobile and Software Dev
236,449,Customer Service
237,473,Writing
238,790,Sales and Marketing
239,614,Customer Service
240,660,Web Mobile and Software Dev
241,953,Accounting and Consulting
242,107,Sales and Marketing
243,819,Writing
244,736,Engineering and Architecture
245,336,Engineering and Architecture
246,479,Customer Service
247,136,Customer Service
248,496,Writing
249,92,Design and Creative
250,48,Engineering and Architecture
251,396,Accounting and Consulting
252,260,Translation
253,970,Data Science and Analytics
254,675,Writing
255,656,Translation
256,48,IT and Networking
257,403,IT and Networking
258,960,Design and Creative
259,689,Admin Support
260,855,Legal
261,719,Data Science and Analytics
262,910,Data Science and Analytics
263,688,IT and Networking
264,808,Accounting and Consulting
265,729,Writing
266,426,Design and Creative
267,791,Engineering and Architecture
268,50,Web Mobile and Software Dev
269,326,Data Science and Analytics
270,408,Accounting and Consulting
271,456,IT and Networking
272,852,Accounting and Consulting
273,725,IT and Networking
274,510,Accounting and Consulting
275,814,Design and Creative
276,328,Data Science and Analytics
277,413,Legal
278,368,Translation
279,759,Sales and Marketing
280,342,Translation
281,775,Design and Creative
282,473,Translation
283,168,Writing
284,20,IT and Networking
285,662,Writing
286,471,Engineering and Architecture
287,418,Engineering and Architecture
288,152,Accounting and Consulting
289,691,Engineering and Architecture
290,980,Sales and Marketing
291,803,Sales and Marketing
292,858,Web Mobile and Software Dev
293,785,Legal
294,473,Data Science and Analytics
295,746,Writing
296,918,Design and Creative
297,261,Customer Service
298,261,IT and Networking
299,182,Admin Support
300,9,Admin Support
301,192,Web Mobile and Software Dev
302,137,Web Mobile and Software Dev
303,390,Admin Support
304,521,Translation
305,708,Engineering and Architecture
306,70,Accounting and Consulting
307,958,Web Mobile and Software Dev
308,497,Writing
309,949,Web Mobile and Software Dev
310,330,Writing
311,475,Design and Creative
312,652,Design and Creative
313,699,Sales and Marketing
314,890,Sales and Marketing
315,738,Writing
316,330,IT and Networking
317,250,Data Science and Analytics
318,970,Admin Support
319,143,Customer Service
320,234,Legal
321,494,Sales and Marketing
322,827,Design and Creative
323,181,Admin Support
324,637,Accounting and Consulting
325,278,Web Mobile and Software Dev
326,604,Engineering and Architecture
327,139,Translation
328,907,Data Science and Analytics
329,572,Design and Creative
330,167,Data Science and Analytics
331,912,Engineering and Architecture
332,817,Web Mobile and Software Dev
333,432,Design and Creative
334,393,Web Mobile and Software Dev
335,989,IT and Networking
336,222,IT and Networking
337,487,Legal
338,101,Design and Creative
339,563,Writing
340,643,Writing
341,460,Admin Support
342,732,IT and Networking
343,580,Accounting and Consulting
344,378,Web Mobile and Software Dev
345,361,Translation
346,777,Translation
347,446,Sales and Marketing
348,378,Sales and Marketing
349,326,Data Science and Analytics
350,308,Customer Service
351,870,Web Mobile and Software Dev
352,310,Writing
353,599,Translation
354,691,Web Mobile and Software Dev
355,609,Writing
356,374,Writing
357,806,Accounting and Consulting
358,942,Translation
359,820,Data Science and Analytics
360,650,Customer Service
361,326,Web Mobile and Software Dev
362,642,Engineering and Architecture
363,553,Design and Creative
364,306,Engineering and Architecture
365,17,Writing
366,677,Legal
367,100,Admin Support
368,392,IT and Networking
369,872,Customer Service
370,262,Customer Service
371,413,IT and Networking
372,53,Legal
373,321,IT and Networking
374,161,Data Science and Analytics
375,376,Accounting and Consulting
376,543,Sales and Marketing
377,789,Sales and Marketing
378,303,Sales and Marketing
379,323,Sales and Marketing
380,370,Writing
381,470,Admin Support
382,381,Design and Creative
383,436,Writing
384,274,Sales and Marketing
385,89,Data Science and Analytics
386,146,Customer Service
387,488,Web Mobile and Software Dev
388,368,Legal
389,745,IT and Networking
390,310,Data Science and Analytics
391,733,Engineering and Architecture
392,307,Accounting and Consulting
393,907,IT and Networking
394,405,Accounting and Consulting
395,916,Legal
396,931,Customer Service
397,562,Customer Service
398,383,IT and Networking
399,950,Design and Creative
400,303,IT and Networking
401,586,Data Science and Analytics
402,737,Design and Creative
403,969,Admin Support
404,427,Engineering and Architecture
405,788,Sales and Marketing
406,796,Engineering and Architecture
407,545,Design and Creative
408,905,Design and Creative
409,501,Admin Support
410,766,Sales and Marketing
411,740,Customer Service
412,194,IT and Networking
413,592,Legal
414,850,Accounting and Consulting
415,907,Customer Service
416,561,Sales and Marketing
417,68,Writing
418,521,Sales and Marketing
419,885,Writing
420,517,Data Science and Analytics
421,556,Engineering and Architecture
422,384,IT and Networking
423,207,Translation
424,448,Web Mobile and Software Dev
425,773,Customer Service
426,231,Web Mobile and Software Dev
427,1,Admin Support
428,56,Accounting and Consulting
429,220,IT and Networking
430,398,Design and Creative
431,621,Accounting and Consulting
432,390,Admin Support
433,96,IT and Networking
434,413,Writing
435,674,Design and Creative
436,230,Admin Support
437,726,Writing
438,699,Sales and Marketing
439,391,Legal
440,911,Web Mobile and Software Dev
441,42,Engineering and Architecture
442,604,Sales and Marketing
443,984,IT and Networking
444,858,Legal
445,127,Translation
446,351,IT and Networking
447,785,Customer Service
448,158,Translation
449,478,Customer Service
450,363,Legal
451,913,IT and Networking
452,594,IT and Networking
453,155,Translation
454,758,Engineering and Architecture
455,854,Customer Service
456,545,Design and Creative
457,523,Legal
458,958,Web Mobile and Software Dev
459,38,Admin Support
460,910,Accounting and Consulting
461,169,Web Mobile and Software Dev
462,920,Customer Service
463,495,Translation
464,625,Accounting and Consulting
465,245,Customer Service
466,741,Engineering and Architecture
467,979,IT and Networking
468,271,Writing
469,890,Design and Creative
470,480,Customer Service
471,964,Customer Service
472,657,Design and Creative
473,818,Translation
474,427,Web Mobile and Software Dev
475,657,Admin Support
476,293,Sales and Marketing
477,142,Data Science and Analytics
478,451,Sales and Marketing
479,476,IT and Networking
480,964,Translation
481,178,Sales and Marketing
482,279,Admin Support
483,365,Engineering and Architecture
484,205,Accounting and Consulting
485,7,Accounting and Consulting
486,42,Web Mobile and Software Dev
487,75,Sales and Marketing
488,587,Web Mobile and Software Dev
489,685,Engineering and Architecture
490,727,Admin Support
491,964,Translation
492,469,IT and Networking
493,498,Accounting and Consulting
494,922,IT and Networking
495,950,Legal
496,959,Sales and Marketing
497,543,Engineering and Architecture
498,273,Legal
499,907,IT and Networking
500,534,Accounting and Consulting
501,951,IT and Networking
502,75,Design and Creative
503,817,Data Science and Analytics
504,40,Design and Creative
505,773,Customer Service
506,844,Legal
507,691,Legal
508,306,Accounting and Consulting
509,785,Design and Creative
510,914,Translation
511,840,Writing
512,779,Data Science and Analytics
513,363,Design and Creative
514,300,Engineering and Architecture
515,117,Accounting and Consulting
516,614,Translation
517,989,Web Mobile and Software Dev
518,461,Writing
519,208,Design and Creative
520,838,Customer Service
521,882,Admin Support
522,177,Data Science and Analytics
523,39,Engineering and Architecture
524,668,IT and Networking
525,80,Customer Service
526,994,Accounting and Consulting
527,178,Accounting and Consulting
528,873,Accounting and Consulting
529,983,Web Mobile and Software Dev
530,188,Engineering and Architecture
531,324,Translation
532,432,Design and Creative
533,938,Design and Creative
534,324,Customer Service
535,567,IT and Networking
536,819,Translation
537,717,IT and Networking
538,505,Translation
539,838,Data Science and Analytics
540,496,Sales and Marketing
541,630,IT and Networking
542,137,Web Mobile and Software Dev
543,392,Admin Support
544,711,Engineering and Architecture
545,341,Engineering and Architecture
546,879,Legal
547,151,Admin Support
548,923,Writing
549,827,Admin Support
550,299,Web Mobile and Software Dev
551,851,Customer Service
552,633,Design and Creative
553,250,Accounting and Consulting
554,147,IT and Networking
555,855,Translation
556,598,Accounting and Consulting
557,958,Sales and Marketing
558,234,Admin Support
559,58,Web Mobile and Software Dev
560,636,Writing
561,300,Design and Creative
562,236,Sales and Marketing
563,786,Legal
564,119,IT and Networking
565,196,Web Mobile and Software Dev
566,343,Translation
567,703,Legal
568,374,Writing
569,577,Customer Service
570,799,Translation
571,304,Design and Creative
572,417,Writing
573,935,Web Mobile and Software Dev
574,52,Writing
575,582,Engineering and Architecture
576,22,Writing
577,917,Web Mobile and Software Dev
578,753,Design and Creative
579,124,Customer Service
580,369,Accounting and Consulting
581,202,Data Science and Analytics
582,286,Web Mobile and Software Dev
583,409,Admin Support
584,981,Design and Creative
585,770,Accounting and Consulting
586,305,Accounting and Consulting
587,271,Admin Support
588,683,Accounting and Consulting
589,696,Sales and Marketing
590,342,Legal
591,200,Writing
592,976,Translation
593,997,Data Science and Analytics
594,136,Writing
595,210,Writing
596,79,Data Science and Analytics
597,383,Design and Creative
598,255,IT and Networking
599,407,Sales and Marketing
600,55,Web Mobile and Software Dev
601,710,IT and Networking
602,61,Data Science and Analytics
603,968,Sales and Marketing
604,967,Engineering and Architecture
605,793,Customer Service
606,947,Translation
607,974,Writing
608,545,IT and Networking
609,948,Admin Support
610,956,Writing
611,507,IT and Networking
612,621,Web Mobile and Software Dev
613,951,IT and Networking
614,184,Sales and Marketing
615,397,Legal
616,28,Customer Service
617,911,Web Mobile and Software Dev
618,112,IT and Networking
619,405,Customer Service
620,848,Admin Support
621,395,Web Mobile and Software Dev
622,613,IT and Networking
623,15,Admin Support
624,627,Sales and Marketing
625,690,Engineering and Architecture
626,13,Writing
627,862,Accounting and Consulting
628,698,Sales and Marketing
629,476,Legal
630,38,Customer Service
631,547,Design and Creative
632,429,Design and Creative
633,778,Sales and Marketing
634,681,Accounting and Consulting
635,627,IT and Networking
636,313,Translation
637,116,Design and Creative
638,492,Accounting and Consulting
639,109,Accounting and Consulting
640,240,Web Mobile and Software Dev
641,132,Accounting and Consulting
642,510,Accounting and Consulting
643,271,Data Science and Analytics
644,512,Admin Support
645,790,Engineering and Architecture
646,230,IT and Networking
647,440,IT and Networking
648,400,Accounting and Consulting
649,605,Data Science and Analytics
650,373,Web Mobile and Software Dev
651,24,Web Mobile and Software Dev
652,483,Accounting and Consulting
653,327,Sales and Marketing
654,146,Web Mobile and Software Dev
655,395,Data Science and Analytics
656,885,Data Science and Analytics
657,284,Accounting and Consulting
658,878,Design and Creative
659,617,Admin Support
660,692,IT and Networking
661,487,IT and Networking
662,333,Writing
663,783,Engineering and Architecture
664,498,Writing
665,917,IT and Networking
666,138,Web Mobile and Software Dev
667,583,Translation
668,575,Admin Support
669,685,Sales and Marketing
670,427,Web Mobile and Software Dev
671,312,Translation
672,923,Customer Service
673,102,Writing
674,564,Data Science and Analytics
675,185,Web Mobile and Software Dev
676,840,Engineering and Architecture
677,363,IT and Networking
678,552,Sales and Marketing
679,165,Customer Service
680,25,Design and Creative
681,247,Web Mobile and Software Dev
682,585,Sales and Marketing
683,812,Design and Creative
684,585,Writing
685,939,Accounting and Consulting
686,697,Admin Support
687,711,Sales and Marketing
688,422,Accounting and Consulting
689,11,Writing
690,212,Engineering and Architecture
691,344,Web Mobile and Software Dev
692,763,Legal
693,444,Design and Creative
694,257,Customer Service
695,299,Translation
696,991,Admin Support
697,890,IT and Networking
698,496,Web Mobile and Software Dev
699,865,Customer Service
700,851,Accounting and Consulting
701,887,Admin Support
702,964,Admin Support
703,635,Accounting and Consulting
704,377,Accounting and Consulting
705,437,Customer Service
706,396,Legal
707,892,Translation
708,304,Writing
709,149,Writing
710,470,Writing
711,186,Customer Service
712,304,Customer Service
713,901,Translation
714,492,Admin Support
715,83,Writing
716,759,Design and Creative
717,478,Customer Service
718,495,Engineering and Architecture
719,84,Admin Support
720,679,Design and Creative
721,170,Writing
722,921,Customer Service
723,302,Legal
724,204,Web Mobile and Software Dev
725,159,Legal
726,617,Web Mobile and Software Dev
727,206,Data Science and Analytics
728,501,Writing
729,223,Accounting and Consulting
730,289,Web Mobile and Software Dev
731,73,Customer Service
732,899,Accounting and Consulting
733,492,Admin Support
734,562,Web Mobile and Software Dev
735,518,Engineering and Architecture
736,176,Data Science and Analytics
737,952,Accounting and Consulting
738,39,Data Science and Analytics
739,88,Customer Service
740,840,Customer Service
741,78,Web Mobile and Software Dev
742,626,Customer Service
743,622,Data Science and Analytics
744,458,Customer Service
745,315,Engineering and Architecture
746,592,Sales and Marketing
747,915,IT and Networking
748,376,Writing
749,986,Admin Support
750,200,Translation
751,929,Translation
752,21,Design and Creative
753,728,Translation
754,481,Sales and Marketing
755,608,Translation
756,77,Sales and Marketing
757,844,Data Science and Analytics
758,593,IT and Networking
759,887,IT and Networking
760,416,Web Mobile and Software Dev
761,988,Sales and Marketing
762,654,Writing
763,993,Customer Service
764,1,Web Mobile and Software Dev
765,218,Translation
766,215,Data Science and Analytics
767,337,Engineering and Architecture
768,702,Engineering and Architecture
769,362,Admin Support
770,359,Writing
771,414,Design and Creative
772,821,Admin Support
773,767,Web Mobile and Software Dev
774,191,Translation
775,188,Engineering and Architecture
776,479,Admin Support
777,715,Engineering and Architecture
778,155,Design and Creative
779,647,Translation
780,413,Sales and Marketing
781,748,Engineering and Architecture
782,667,IT and Networking
783,13,Customer Service
784,503,Engineering and Architecture
785,956,Legal
786,85,Accounting and Consulting
787,806,Engineering and Architecture
788,622,Accounting and Consulting
789,875,Sales and Marketing
790,703,Web Mobile and Software Dev
791,46,Accounting and Consulting
792,973,Design and Creative
793,627,Engineering and Architecture
794,60,Sales and Marketing
795,356,Writing
796,554,IT and Networking
797,171,IT and Networking
798,630,Design and Creative
799,747,Sales and Marketing
800,175,Engineering and Architecture
801,400,Writing
802,384,Customer Service
803,889,Accounting and Consulting
804,671,Admin Support
805,888,Design and Creative
806,895,Accounting and Consulting
807,758,IT and Networking
808,107,Translation
809,205,Accounting and Consulting
810,832,Sales and Marketing
811,307,IT and Networking
812,520,Legal
813,72,Accounting and Consulting
814,930,Accounting and Consulting
815,933,Accounting and Consulting
816,429,Legal
817,335,Accounting and Consulting
818,729,Writing
819,610,Web Mobile and Software Dev
820,527,IT and Networking
821,358,Sales and Marketing
822,360,Data Science and Analytics
823,716,Admin Support
824,444,Writing
825,416,Writing
826,49,Customer Service
827,937,Admin Support
828,303,Engineering and Architecture
829,773,Customer Service
830,678,Customer Service
831,329,Customer Service
832,283,Legal
833,854,Legal
834,954,Web Mobile and Software Dev
835,145,Legal
836,141,Sales and Marketing
837,784,Web Mobile and Software Dev
838,91,Data Science and Analytics
839,495,Translation
840,81,Design and Creative
841,970,Data Science and Analytics
842,725,IT and Networking
843,695,Accounting and Consulting
844,495,Legal
845,70,Data Science and Analytics
846,49,Legal
847,536,Engineering and Architecture
848,882,Web Mobile and Software Dev
849,269,Web Mobile and Software Dev
850,611,Writing
851,267,IT and Networking
852,837,Customer Service
853,422,Web Mobile and Software Dev
854,577,Customer Service
855,395,Data Science and Analytics
856,279,Sales and Marketing
857,881,Data Science and Analytics
858,857,Writing
859,753,Web Mobile and Software Dev
860,137,Web Mobile and Software Dev
861,635,Customer Service
862,898,Translation
863,473,IT and Networking
864,11,Sales and Marketing
865,956,Customer Service
866,524,IT and Networking
867,486,Legal
868,689,Engineering and Architecture
869,773,Admin Support
870,953,Customer Service
871,159,Accounting and Consulting
872,732,Engineering and Architecture
873,394,Writing
874,186,Data Science and Analytics
875,941,Translation
876,105,Data Science and Analytics
877,925,Translation
878,491,Design and Creative
879,745,Engineering and Architecture
880,395,Engineering and Architecture
881,317,Web Mobile and Software Dev
882,37,Web Mobile and Software Dev
883,304,Translation
884,461,Customer Service
885,758,Admin Support
886,861,Legal
887,952,Web Mobile and Software Dev
888,752,Accounting and Consulting
889,276,Writing
890,856,Design and Creative
891,398,Engineering and Architecture
892,4,Data Science and Analytics
893,376,Writing
894,433,Admin Support
895,418,Data Science and Analytics
896,58,Admin Support
897,464,Web Mobile and Software Dev
898,939,IT and Networking
899,203,Admin Support
900,582,Admin Support
901,759,Sales and Marketing
902,764,Translation
903,76,Web Mobile and Software Dev
904,23,Accounting and Consulting
905,489,Writing
906,105,Data Science and Analytics
907,663,Admin Support
908,195,Admin Support
909,367,Admin Support
910,413,Writing
911,58,Customer Service
912,580,Admin Support
913,564,Web Mobile and Software Dev
914,280,IT and Networking
915,592,Sales and Marketing
916,532,Web Mobile and Software Dev
917,833,Sales and Marketing
918,354,Web Mobile and Software Dev
919,477,Translation
920,124,Translation
921,589,Translation
922,277,Admin Support
923,212,Sales and Marketing
924,368,Sales and Marketing
925,618,Design and Creative
926,786,Engineering and Architecture
927,386,Writing
928,769,Sales and Marketing
929,328,Accounting and Consulting
930,570,Web Mobile and Software Dev
931,351,Writing
932,217,Writing
933,534,Data Science and Analytics
934,738,Admin Support
935,666,IT and Networking
936,403,Customer Service
937,985,IT and Networking
938,812,Web Mobile and Software Dev
939,154,Customer Service
940,397,Sales and Marketing
941,464,Web Mobile and Software Dev
942,957,Admin Support
943,98,IT and Networking
944,883,Sales and Marketing
945,202,Data Science and Analytics
946,284,Customer Service
947,154,Data Science and Analytics
948,390,Writing
949,314,Accounting and Consulting
950,222,Web Mobile and Software Dev
951,203,Web Mobile and Software Dev
952,225,Admin Support
953,277,Translation
954,816,Accounting and Consulting
955,806,Customer Service
956,774,IT and Networking
957,840,Translation
958,748,IT and Networking
959,975,Data Science and Analytics
960,147,Writing
961,501,Translation
962,225,Engineering and Architecture
963,677,Legal
964,637,Customer Service
965,243,Engineering and Architecture
966,112,Customer Service
967,469,Translation
968,206,Engineering and Architecture
969,640,Writing
970,388,Translation
971,445,Customer Service
972,963,Data Science and Analytics
973,155,Web Mobile and Software Dev
974,685,Design and Creative
975,927,Design and Creative
976,829,Accounting and Consulting
977,319,Engineering and Architecture
978,381,Legal
979,877,IT and Networking
980,738,Sales and Marketing
981,472,Design and Creative
982,189,Legal
983,101,Admin Support
984,787,Translation
985,542,Sales and Marketing
986,26,IT and Networking
987,405,Web Mobile and Software Dev
988,966,Translation
989,597,Writing
990,448,Engineering and Architecture
991,213,Accounting and Consulting
992,409,Sales and Marketing
993,805,Admin Support
994,734,Admin Support
995,723,Sales and Marketing
996,798,Data Science and Analytics
997,510,Customer Service
998,9,Web Mobile and Software Dev
999,150,Writing
1000,962,Legal
